Workbook
Name EM_1B: 'Event Map'!$F$6:$F$60
Name EM_2B: 'Event Map'!$G$6:$G$60
Name EM_3B: 'Event Map'!$H$6:$H$60
Name EM_AB: 'Event Map'!$D$6:$D$60
Name EM_BB: 'Event Map'!$J$6:$J$60
Name EM_DP: 'Event Map'!$O$6:$O$60
Name EM_H: 'Event Map'!$E$6:$E$60
Name EM_HBP: 'Event Map'!$L$6:$L$60
Name EM_HR: 'Event Map'!$I$6:$I$60
Name EM_IBB: 'Event Map'!$K$6:$K$60
Name EM_PA: 'Event Map'!$C$6:$C$60
Name EM_ROE: 'Event Map'!$P$6:$P$60
Name EM_SF: 'Event Map'!$M$6:$M$60
Name EM_SH: 'Event Map'!$N$6:$N$60
Name EM_Type: 'Event Map'!$B$6:$B$60
Name FIP_C: Lists!$C$10
Name MinBF: Lists!$C$12
Name MinPA: Lists!$C$11
Name pbp_Ball3: 'MLB-SAMPLE-PbP'!$AD$3:INDEX('MLB-SAMPLE-PbP'!$AD:$AD,pbp_LastRow)
Name pbp_BatHand: 'MLB-SAMPLE-PbP'!$J$3:INDEX('MLB-SAMPLE-PbP'!$J:$J,pbp_LastRow)
Name pbp_BatTeam: 'MLB-SAMPLE-PbP'!$G$3:INDEX('MLB-SAMPLE-PbP'!$G:$G,pbp_LastRow)
Name pbp_Batter: 'MLB-SAMPLE-PbP'!$H$3:INDEX('MLB-SAMPLE-PbP'!$H:$H,pbp_LastRow)
Name pbp_Catcher: 'MLB-SAMPLE-PbP'!$R$3:INDEX('MLB-SAMPLE-PbP'!$R:$R,pbp_LastRow)
Name pbp_CS: 'MLB-SAMPLE-PbP'!$AN$3:INDEX('MLB-SAMPLE-PbP'!$AN:$AN,pbp_LastRow)
Name pbp_Desc: 'MLB-SAMPLE-PbP'!$AR$3:INDEX('MLB-SAMPLE-PbP'!$AR:$AR,pbp_LastRow)
Name pbp_GameID: 'MLB-SAMPLE-PbP'!$B$3:INDEX('MLB-SAMPLE-PbP'!$B:$B,pbp_LastRow)
Name pbp_GameIDPrev: 'MLB-SAMPLE-PbP'!$B$2:INDEX('MLB-SAMPLE-PbP'!$B:$B,pbp_LastRow-1)
Name pbp_HitType: 'MLB-SAMPLE-PbP'!$AI$3:INDEX('MLB-SAMPLE-PbP'!$AI:$AI,pbp_LastRow)
Name pbp_Inning: 'MLB-SAMPLE-PbP'!$D$3:INDEX('MLB-SAMPLE-PbP'!$D:$D,pbp_LastRow)
Name pbp_InningPrev: 'MLB-SAMPLE-PbP'!$D$2:INDEX('MLB-SAMPLE-PbP'!$D:$D,pbp_LastRow-1)
Name pbp_LastRow: Lists!$C$6
Name pbp_On1B: 'MLB-SAMPLE-PbP'!$K$3:INDEX('MLB-SAMPLE-PbP'!$K:$K,pbp_LastRow)
Name pbp_On2B: 'MLB-SAMPLE-PbP'!$L$3:INDEX('MLB-SAMPLE-PbP'!$L:$L,pbp_LastRow)
Name pbp_On3B: 'MLB-SAMPLE-PbP'!$M$3:INDEX('MLB-SAMPLE-PbP'!$M:$M,pbp_LastRow)
Name pbp_Outs: 'MLB-SAMPLE-PbP'!$AL$3:INDEX('MLB-SAMPLE-PbP'!$AL:$AL,pbp_LastRow)
Name pbp_PB: 'MLB-SAMPLE-PbP'!$AP$3:INDEX('MLB-SAMPLE-PbP'!$AP:$AP,pbp_LastRow)
Name pbp_Pitcher: 'MLB-SAMPLE-PbP'!$O$3:INDEX('MLB-SAMPLE-PbP'!$O:$O,pbp_LastRow)
Name pbp_Pitches: 'MLB-SAMPLE-PbP'!$Z$3:INDEX('MLB-SAMPLE-PbP'!$Z:$Z,pbp_LastRow)
Name pbp_PitHand: 'MLB-SAMPLE-PbP'!$Q$3:INDEX('MLB-SAMPLE-PbP'!$Q:$Q,pbp_LastRow)
Name pbp_PitTeam: 'MLB-SAMPLE-PbP'!$N$3:INDEX('MLB-SAMPLE-PbP'!$N:$N,pbp_LastRow)
Name pbp_PlayType: 'MLB-SAMPLE-PbP'!$AJ$3:INDEX('MLB-SAMPLE-PbP'!$AJ:$AJ,pbp_LastRow)
Name pbp_Runs: 'MLB-SAMPLE-PbP'!$AK$3:INDEX('MLB-SAMPLE-PbP'!$AK:$AK,pbp_LastRow)
Name pbp_SB: 'MLB-SAMPLE-PbP'!$AM$3:INDEX('MLB-SAMPLE-PbP'!$AM:$AM,pbp_LastRow)
Name pbp_Seq: 'MLB-SAMPLE-PbP'!$AA$3:INDEX('MLB-SAMPLE-PbP'!$AA:$AA,pbp_LastRow)
Name pbp_Strike2: 'MLB-SAMPLE-PbP'!$AG$3:INDEX('MLB-SAMPLE-PbP'!$AG:$AG,pbp_LastRow)
Name pbp_WP: 'MLB-SAMPLE-PbP'!$AQ$3:INDEX('MLB-SAMPLE-PbP'!$AQ:$AQ,pbp_LastRow)

Sheet MLB-SAMPLE-PbP
A1: GAME INFORMATION | D1: INNING & SCORES | G1: BATTING TEAM | N1: PITCHING TEAM | Z1: PITCH by PITCH | AB1: BALLS & STRIKES | AI1: PLAY
A2: BIGDATABALL DATASET | B2: GAME ID | C2: DATE | D2: INNING | E2: ROAD SCORE | F2: HOME SCORE | G2: BATTING TEAM | H2: BATTER | I2: BATTER MLB-ID | J2: BATTER HAND | K2: RUNNERS ON BASE 1B | L2: RUNNERS ON BASE 2B | M2: RUNNERS ON BASE 3B | N2: PITCHING TEAM | O2: PITCHER | P2: PITCHER MLB-ID | Q2: PITCHER HAND | R2: C | S2: 1B | T2: 2B | U2: 3B | V2: SS | W2: LF | X2: CF | Y2: RF | Z2: PITCHING SEQUENCE LENGTH | AA2: PITCH by PITCH S: Strike; Strike called; Strike swinging | B: Ball, called ball IN: In play | F: Foul; Foul ball on pitchout | FT: Foul tip; Foul tip on bunt | FB: Foul bunt IB: Intentional ball | HB: Hit batter | MB: Missed bunt attempt | NP: No pitch PO: Pitchout | POS: Swinging on pitchout | N-A: Unknown, Missed pitch | POF Pickoff thrown to 1B/2B/3B | AB2: BALLS | AF2: STRIKES | AI2: HIT TYPE | AJ2: PLAY TYPE | AK2: RUNS | AL2: OUTS | AM2: STOLEN BASES | AN2: CAUGHT STEALING | AO2: DEFENSIVE INDIFFERENCE | AP2: PASSED BALL | AQ2: WILD PITCH | AR2: DESCRIPTION
A3: MLB 2025 Postseason | B3: 45962-LAD@TOR-1 | C3: 45962 | D3: 1T | E3: 0 | F3: 0 | G3: Los Angeles Dodgers | H3: Shohei Ohtani | I3: 660271 | J3: L | N3: Toronto Blue Jays | O3: Max Scherzer | P3: 453286 | Q3: R | R3: Alejandro Kirk | S3: Vladimir Guerrero Jr. | T3: Bo Bichette | U3: Ernie Clement | V3: Andres Gimenez | W3: Nathan Lukes | X3: Daulton Varsho | Y3: Addison Barger | Z3: 4 | AA3: B/B/F/IN | AB3: • | AC3: • | AF3: • | AI3: LINE DRIVE | AJ3: SINGLE | AR3: Single to CF
A4: MLB 2025 Postseason | B4: 45962-LAD@TOR-1 | C4: 45962 | D4: 1T | E4: 0 | F4: 0 | G4: Los Angeles Dodgers | H4: Will Smith | I4: 669257 | J4: R | K4: Shohei Ohtani | N4: Toronto Blue Jays | O4: Max Scherzer | P4: 453286 | Q4: R | R4: Alejandro Kirk | S4: Vladimir Guerrero Jr. | T4: Bo Bichette | U4: Ernie Clement | V4: Andres Gimenez | W4: Nathan Lukes | X4: Daulton Varsho | Y4: Addison Barger | Z4: 3 | AA4: S/F/IN | AF4: • | AG4: • | AJ4: GROUNDOUT | AL4: 1 | AR4: Will Smith grounded out, 1B-P. S. Ohtani to 2B
A5: MLB 2025 Postseason | B5: 45962-LAD@TOR-1 | C5: 45962 | D5: 1T | E5: 0 | F5: 0 | G5: Los Angeles Dodgers | H5: Freddie Freeman | I5: 518692 | J5: L | L5: Shohei Ohtani | N5: Toronto Blue Jays | O5: Max Scherzer | P5: 453286 | Q5: R | R5: Alejandro Kirk | S5: Vladimir Guerrero Jr. | T5: Bo Bichette | U5: Ernie Clement | V5: Andres Gimenez | W5: Nathan Lukes | X5: Daulton Varsho | Y5: Addison Barger | Z5: 1 | AA5: IN | AI5: FLY BALL | AJ5: FLYOUT | AL5: 1 | AR5: Freddie Freeman flied out to CF. S. Ohtani to 3B
A6: MLB 2025 Postseason | B6: 45962-LAD@TOR-1 | C6: 45962 | D6: 1T | E6: 0 | F6: 0 | G6: Los Angeles Dodgers | H6: Mookie Betts | I6: 605141 | J6: R | M6: Shohei Ohtani | N6: Toronto Blue Jays | O6: Max Scherzer | P6: 453286 | Q6: R | R6: Alejandro Kirk | S6: Vladimir Guerrero Jr. | T6: Bo Bichette | U6: Ernie Clement | V6: Andres Gimenez | W6: Nathan Lukes | X6: Daulton Varsho | Y6: Addison Barger | Z6: 2 | AA6: B/IN | AB6: • | AJ6: GROUNDOUT | AL6: 1 | AR6: Mookie Betts grounded out, SS-1B
A7: MLB 2025 Postseason | B7: 45962-LAD@TOR-1 | C7: 45962 | D7: 1B | E7: 0 | F7: 0 | G7: Toronto Blue Jays | H7: George Springer | I7: 543807 | J7: R | N7: Los Angeles Dodgers | O7: Shohei Ohtani | P7: 660271 | Q7: R | R7: Will Smith | S7: Freddie Freeman | T7: Miguel Rojas | U7: Max Muncy | V7: Mookie Betts | W7: Enrique Hernandez | X7: Tommy Edman | Y7: Teoscar Hernandez | Z7: 5 | AA7: B/B/B/S/IN | AB7: • | AC7: • | AD7: • | AF7: • | AI7: LINE DRIVE | AJ7: SINGLE | AR7: Single to LF
A8: MLB 2025 Postseason | B8: 45962-LAD@TOR-1 | C8: 45962 | D8: 1B | E8: 0 | F8: 0 | G8: Toronto Blue Jays | H8: Nathan Lukes | I8: 664770 | J8: L | K8: George Springer | N8: Los Angeles Dodgers | O8: Shohei Ohtani | P8: 660271 | Q8: R | R8: Will Smith | S8: Freddie Freeman | T8: Miguel Rojas | U8: Max Muncy | V8: Mookie Betts | W8: Enrique Hernandez | X8: Tommy Edman | Y8: Teoscar Hernandez | Z8: 7 | AA8: B/S/S/F/B/F/S | AB8: • | AC8: • | AF8: • | AG8: • | AH8: • | AJ8: STRIKEOUT | AL8: 1 | AR8: Nathan Lukes struck out [swinging].
A9: MLB 2025 Postseason | B9: 45962-LAD@TOR-1 | C9: 45962 | D9: 1B | E9: 0 | F9: 0 | G9: Toronto Blue Jays | H9: Vladimir Guerrero Jr. | I9: 665489 | J9: R | K9: George Springer | N9: Los Angeles Dodgers | O9: Shohei Ohtani | P9: 660271 | Q9: R | R9: Will Smith | S9: Freddie Freeman | T9: Miguel Rojas | U9: Max Muncy | V9: Mookie Betts | W9: Enrique Hernandez | X9: Tommy Edman | Y9: Teoscar Hernandez | Z9: 6 | AA9: B/B/S/B/F/S | AB9: • | AC9: • | AD9: • | AF9: • | AG9: • | AH9: • | AJ9: DOUBLE PLAY | AL9: 2 | AN9: 1 | AR9: Double Play: Vladimir Guerrero Jr. struck out [looking]., G. Springer was caught stealing. 2B
A10: MLB 2025 Postseason | B10: 45962-LAD@TOR-1 | C10: 45962 | D10: 2T | E10: 0 | F10: 0 | G10: Los Angeles Dodgers | H10: Max Muncy | I10: 571970 | J10: L | N10: Toronto Blue Jays | O10: Max Scherzer | P10: 453286 | Q10: R | R10: Alejandro Kirk | S10: Vladimir Guerrero Jr. | T10: Bo Bichette | U10: Ernie Clement | V10: Andres Gimenez | W10: Nathan Lukes | X10: Daulton Varsho | Y10: Addison Barger | Z10: 5 | AA10: S/B/B/F/S | AB10: • | AC10: • | AF10: • | AG10: • | AH10: • | AJ10: STRIKEOUT | AL10: 1 | AR10: Max Muncy struck out [swinging].
A11: MLB 2025 Postseason | B11: 45962-LAD@TOR-1 | C11: 45962 | D11: 2T | E11: 0 | F11: 0 | G11: Los Angeles Dodgers | H11: Teoscar Hernandez | I11: 606192 | J11: R | N11: Toronto Blue Jays | O11: Max Scherzer | P11: 453286 | Q11: R | R11: Alejandro Kirk | S11: Vladimir Guerrero Jr. | T11: Bo Bichette | U11: Ernie Clement | V11: Andres Gimenez | W11: Nathan Lukes | X11: Daulton Varsho | Y11: Addison Barger | Z11: 2 | AA11: S/IN | AF11: • | AI11: FLY BALL | AJ11: FLYOUT | AL11: 1 | AR11: Teoscar Hernandez flied out to RF
A12: MLB 2025 Postseason | B12: 45962-LAD@TOR-1 | C12: 45962 | D12: 2T | E12: 0 | F12: 0 | G12: Los Angeles Dodgers | H12: Tommy Edman | I12: 669242 | J12: S | N12: Toronto Blue Jays | O12: Max Scherzer | P12: 453286 | Q12: R | R12: Alejandro Kirk | S12: Vladimir Guerrero Jr. | T12: Bo Bichette | U12: Ernie Clement | V12: Andres Gimenez | W12: Nathan Lukes | X12: Daulton Varsho | Y12: Addison Barger | Z12: 3 | AA12: B/B/IN | AB12: • | AC12: • | AI12: FLY BALL | AJ12: FLYOUT | AL12: 1 | AR12: Tommy Edman flied out to RF
A13: MLB 2025 Postseason | B13: 45962-LAD@TOR-1 | C13: 45962 | D13: 2B | E13: 0 | F13: 0 | G13: Toronto Blue Jays | H13: Bo Bichette | I13: 666182 | J13: R | N13: Los Angeles Dodgers | O13: Shohei Ohtani | P13: 660271 | Q13: R | R13: Will Smith | S13: Freddie Freeman | T13: Miguel Rojas | U13: Max Muncy | V13: Mookie Betts | W13: Enrique Hernandez | X13: Tommy Edman | Y13: Teoscar Hernandez | Z13: 5 | AA13: B/B/S/B/B | AB13: • | AC13: • | AD13: • | AE13: • | AF13: • | AJ13: WALK | AR13: Bo Bichette walked.
A14: MLB 2025 Postseason | B14: 45962-LAD@TOR-1 | C14: 45962 | D14: 2B | E14: 0 | F14: 0 | G14: Toronto Blue Jays | H14: Addison Barger | I14: 680718 | J14: L | K14: Bo Bichette | N14: Los Angeles Dodgers | O14: Shohei Ohtani | P14: 660271 | Q14: R | R14: Will Smith | S14: Freddie Freeman | T14: Miguel Rojas | U14: Max Muncy | V14: Mookie Betts | W14: Enrique Hernandez | X14: Tommy Edman | Y14: Teoscar Hernandez | Z14: 6 | AA14: S/B/B/S/B/IN | AB14: • | AC14: • | AD14: • | AF14: • | AG14: • | AI14: LINE DRIVE | AJ14: SINGLE | AR14: Single to RF. B. Bichette to 2B
A15: MLB 2025 Postseason | B15: 45962-LAD@TOR-1 | C15: 45962 | D15: 2B | E15: 0 | F15: 0 | G15: Toronto Blue Jays | H15: Alejandro Kirk | I15: 672386 | J15: R | K15: Addison Barger | L15: Bo Bichette | N15: Los Angeles Dodgers | O15: Shohei Ohtani | P15: 660271 | Q15: R | R15: Will Smith | S15: Freddie Freeman | T15: Miguel Rojas | U15: Max Muncy | V15: Mookie Betts | W15: Enrique Hernandez | X15: Tommy Edman | Y15: Teoscar Hernandez | Z15: 2 | AA15: S/IN | AF15: • | AI15: POP-UP | AJ15: POP OUT | AL15: 1 | AR15: Alejandro Kirk out to 1B
A16: MLB 2025 Postseason | B16: 45962-LAD@TOR-1 | C16: 45962 | D16: 2B | E16: 0 | F16: 0 | G16: Toronto Blue Jays | H16: Daulton Varsho | I16: 662139 | J16: L | K16: Addison Barger | L16: Bo Bichette | N16: Los Angeles Dodgers | O16: Shohei Ohtani | P16: 660271 | Q16: R | R16: Will Smith | S16: Freddie Freeman | T16: Miguel Rojas | U16: Max Muncy | V16: Mookie Betts | W16: Enrique Hernandez | X16: Tommy Edman | Y16: Teoscar Hernandez | Z16: 5 | AA16: S/B/S/B/IN | AB16: • | AC16: • | AF16: • | AG16: • | AI16: FLY BALL | AJ16: FLYOUT | AL16: 1 | AR16: Daulton Varsho flied out to RF
A17: MLB 2025 Postseason | B17: 45962-LAD@TOR-1 | C17: 45962 | D17: 2B | E17: 0 | F17: 0 | G17: Toronto Blue Jays | H17: Ernie Clement | I17: 676391 | J17: R | K17: Addison Barger | L17: Bo Bichette | N17: Los Angeles Dodgers | O17: Shohei Ohtani | P17: 660271 | Q17: R | R17: Will Smith | S17: Freddie Freeman | T17: Miguel Rojas | U17: Max Muncy | V17: Mookie Betts | W17: Enrique Hernandez | X17: Tommy Edman | Y17: Teoscar Hernandez | Z17: 2 | AA17: F/IN | AF17: • | AI17: LINE DRIVE | AJ17: SINGLE | AR17: Single to RF. B. Bichette to 3B. A. Barger to 2B
A18: MLB 2025 Postseason | B18: 45962-LAD@TOR-1 | C18: 45962 | D18: 2B | E18: 0 | F18: 0 | G18: Toronto Blue Jays | H18: Andres Gimenez | I18: 665926 | J18: L | K18: Ernie Clement | L18: Addison Barger | M18: Bo Bichette | N18: Los Angeles Dodgers | O18: Shohei Ohtani | P18: 660271 | Q18: R | R18: Will Smith | S18: Freddie Freeman | T18: Miguel Rojas | U18: Max Muncy | V18: Mookie Betts | W18: Enrique Hernandez | X18: Tommy Edman | Y18: Teoscar Hernandez | Z18: 5 | AA18: B/S/S/F/S | AB18: • | AF18: • | AG18: • | AH18: • | AJ18: STRIKEOUT | AL18: 1 | AR18: Andres Gimenez struck out [swinging].
A19: MLB 2025 Postseason | B19: 45962-LAD@TOR-1 | C19: 45962 | D19: 3T | E19: 0 | F19: 0 | G19: Los Angeles Dodgers | H19: Enrique Hernandez | I19: 571771 | J19: R | N19: Toronto Blue Jays | O19: Max Scherzer | P19: 453286 | Q19: R | R19: Alejandro Kirk | S19: Vladimir Guerrero Jr. | T19: Bo Bichette | U19: Ernie Clement | V19: Andres Gimenez | W19: Nathan Lukes | X19: Daulton Varsho | Y19: Addison Barger | Z19: 3 | AA19: S/B/IN | AB19: • | AF19: • | AI19: FLY BALL | AJ19: FLYOUT | AL19: 1 | AR19: Enrique Hernandez flied out to CF
A20: MLB 2025 Postseason | B20: 45962-LAD@TOR-1 | C20: 45962 | D20: 3T | E20: 0 | F20: 0 | G20: Los Angeles Dodgers | H20: Miguel Rojas | I20: 500743 | J20: R | N20: Toronto Blue Jays | O20: Max Scherzer | P20: 453286 | Q20: R | R20: Alejandro Kirk | S20: Vladimir Guerrero Jr. | T20: Bo Bichette | U20: Ernie Clement | V20: Andres Gimenez | W20: Nathan Lukes | X20: Daulton Varsho | Y20: Addison Barger | Z20: 4 | AA20: S/F/B/S | AB20: • | AF20: • | AG20: • | AH20: • | AJ20: STRIKEOUT | AL20: 1 | AR20: Miguel Rojas struck out [swinging].
A21: MLB 2025 Postseason | B21: 45962-LAD@TOR-1 | C21: 45962 | D21: 3T | E21: 0 | F21: 0 | G21: Los Angeles Dodgers | H21: Shohei Ohtani | I21: 660271 | J21: L | N21: Toronto Blue Jays | O21: Max Scherzer | P21: 453286 | Q21: R | R21: Alejandro Kirk | S21: Vladimir Guerrero Jr. | T21: Bo Bichette | U21: Ernie Clement | V21: Andres Gimenez | W21: Nathan Lukes | X21: Daulton Varsho | Y21: Addison Barger | Z21: 1 | AA21: IN | AJ21: LINEOUT | AL21: 1 | AR21: Shohei Ohtani lined out to LF
A22: MLB 2025 Postseason | B22: 45962-LAD@TOR-1 | C22: 45962 | D22: 3B | E22: 0 | F22: 0 | G22: Toronto Blue Jays | H22: George Springer | I22: 543807 | J22: R | N22: Los Angeles Dodgers | O22: Shohei Ohtani | P22: 660271 | Q22: R | R22: Will Smith | S22: Freddie Freeman | T22: Miguel Rojas | U22: Max Muncy | V22: Mookie Betts | W22: Enrique Hernandez | X22: Tommy Edman | Y22: Teoscar Hernandez | Z22: 5 | AA22: F/S/F/B/IN | AB22: • | AF22: • | AG22: • | AI22: LINE DRIVE | AJ22: SINGLE | AR22: Single to LF
A23: MLB 2025 Postseason | B23: 45962-LAD@TOR-1 | C23: 45962 | D23: 3B | E23: 0 | F23: 0 | G23: Toronto Blue Jays | H23: Nathan Lukes | I23: 664770 | J23: L | K23: George Springer | N23: Los Angeles Dodgers | O23: Shohei Ohtani | P23: 660271 | Q23: R | R23: Will Smith | S23: Freddie Freeman | T23: Miguel Rojas | U23: Max Muncy | V23: Mookie Betts | W23: Enrique Hernandez | X23: Tommy Edman | Y23: Teoscar Hernandez | Z23: 1 | AA23: IN | AJ23: SAC BUNT | AL23: 1 | AR23: Bunt Nathan Lukes grounded out, P-1B/Sacrifice. G. Springer to 2B
A24: MLB 2025 Postseason | B24: 45962-LAD@TOR-1 | C24: 45962 | D24: 3B | E24: 0 | F24: 0 | G24: Toronto Blue Jays | H24: Vladimir Guerrero Jr. | I24: 665489 | J24: R | L24: George Springer | N24: Los Angeles Dodgers | O24: Shohei Ohtani | P24: 660271 | Q24: R | R24: Will Smith | S24: Freddie Freeman | T24: Miguel Rojas | U24: Max Muncy | V24: Mookie Betts | W24: Enrique Hernandez | X24: Tommy Edman | Y24: Teoscar Hernandez | Z24: 1 | AA24: B | AQ24: 1 | AR24: Wild Pitch. G. Springer to 3B
A25: MLB 2025 Postseason | B25: 45962-LAD@TOR-1 | C25: 45962 | D25: 3B | E25: 0 | F25: 0 | G25: Toronto Blue Jays | H25: Vladimir Guerrero Jr. | I25: 665489 | J25: R | M25: George Springer | N25: Los Angeles Dodgers | O25: Shohei Ohtani | P25: 660271 | Q25: R | R25: Will Smith | S25: Freddie Freeman | T25: Miguel Rojas | U25: Max Muncy | V25: Mookie Betts | W25: Enrique Hernandez | X25: Tommy Edman | Y25: Teoscar Hernandez | Z25: 1 | AA25: B/B/B/B | AJ25: INTENT WALK | AR25: Vladimir Guerrero Jr. was intentionally walked.
A26: MLB 2025 Postseason | B26: 45962-LAD@TOR-1 | C26: 45962 | D26: 3B | E26: 0 | F26: 0 | G26: Toronto Blue Jays | H26: Bo Bichette | I26: 666182 | J26: R | K26: Vladimir Guerrero Jr. | M26: George Springer | N26: Los Angeles Dodgers | O26: Shohei Ohtani | P26: 660271 | Q26: R | R26: Will Smith | S26: Freddie Freeman | T26: Miguel Rojas | U26: Max Muncy | V26: Mookie Betts | W26: Enrique Hernandez | X26: Tommy Edman | Y26: Teoscar Hernandez | Z26: 1 | AA26: IN | AI26: FLY BALL | AJ26: HOME RUN | AK26: 3 | AR26: Home Run. G. Springer scored.. V. Guerrero scored.
A27: MLB 2025 Postseason | B27: 45962-LAD@TOR-1 | C27: 45962 | D27: 3B | E27: 0 | F27: 3 | G27: Toronto Blue Jays | H27: Addison Barger | I27: 680718 | J27: L | N27: Los Angeles Dodgers | O27: Justin Wrobleski | P27: 680736 | Q27: L | R27: Will Smith | S27: Freddie Freeman | T27: Miguel Rojas | U27: Max Muncy | V27: Mookie Betts | W27: Enrique Hernandez | X27: Tommy Edman | Y27: Teoscar Hernandez | Z27: 3 | AA27: S/F/IN | AF27: • | AG27: • | AI27: LINE DRIVE | AJ27: SINGLE | AR27: Single to CF
A28: MLB 2025 Postseason | B28: 45962-LAD@TOR-1 | C28: 45962 | D28: 3B | E28: 0 | F28: 3 | G28: Toronto Blue Jays | H28: Alejandro Kirk | I28: 672386 | J28: R | K28: Addison Barger | N28: Los Angeles Dodgers | O28: Justin Wrobleski | P28: 680736 | Q28: L | R28: Will Smith | S28: Freddie Freeman | T28: Miguel Rojas | U28: Max Muncy | V28: Mookie Betts | W28: Enrique Hernandez | X28: Tommy Edman | Y28: Teoscar Hernandez | Z28: 2 | AA28: S/IN | AF28: • | AJ28: LINEOUT | AL28: 1 | AR28: Alejandro Kirk lined out to CF
A29: MLB 2025 Postseason | B29: 45962-LAD@TOR-1 | C29: 45962 | D29: 3B | E29: 0 | F29: 3 | G29: Toronto Blue Jays | H29: Daulton Varsho | I29: 662139 | J29: L | K29: Addison Barger | N29: Los Angeles Dodgers | O29: Justin Wrobleski | P29: 680736 | Q29: L | R29: Will Smith | S29: Freddie Freeman | T29: Miguel Rojas | U29: Max Muncy | V29: Mookie Betts | W29: Enrique Hernandez | X29: Tommy Edman | Y29: Teoscar Hernandez | Z29: 4 | AA29: B/F/S/S | AB29: • | AF29: • | AG29: • | AH29: • | AJ29: STRIKEOUT | AL29: 1 | AR29: Daulton Varsho struck out [swinging].
A30: MLB 2025 Postseason | B30: 45962-LAD@TOR-1 | C30: 45962 | D30: 4T | E30: 0 | F30: 3 | G30: Los Angeles Dodgers | H30: Will Smith | I30: 669257 | J30: R | N30: Toronto Blue Jays | O30: Max Scherzer | P30: 453286 | Q30: R | R30: Alejandro Kirk | S30: Vladimir Guerrero Jr. | T30: Bo Bichette | U30: Ernie Clement | V30: Andres Gimenez | W30: Nathan Lukes | X30: Daulton Varsho | Y30: Addison Barger | Z30: 1 | AA30: IN | AI30: FLY BALL | AJ30: DOUBLE | AR30: Double to CF
A31: MLB 2025 Postseason | B31: 45962-LAD@TOR-1 | C31: 45962 | D31: 4T | E31: 0 | F31: 3 | G31: Los Angeles Dodgers | H31: Freddie Freeman | I31: 518692 | J31: L | L31: Will Smith | N31: Toronto Blue Jays | O31: Max Scherzer | P31: 453286 | Q31: R | R31: Alejandro Kirk | S31: Vladimir Guerrero Jr. | T31: Bo Bichette | U31: Ernie Clement | V31: Andres Gimenez | W31: Nathan Lukes | X31: Daulton Varsho | Y31: Addison Barger | Z31: 3 | AA31: S/B/IN | AB31: • | AF31: • | AI31: LINE DRIVE | AJ31: SINGLE | AR31: Single to RF. W. Smith to 3B
A32: MLB 2025 Postseason | B32: 45962-LAD@TOR-1 | C32: 45962 | D32: 4T | E32: 0 | F32: 3 | G32: Los Angeles Dodgers | H32: Mookie Betts | I32: 605141 | J32: R | K32: Freddie Freeman | M32: Will Smith | N32: Toronto Blue Jays | O32: Max Scherzer | P32: 453286 | Q32: R | R32: Alejandro Kirk | S32: Vladimir Guerrero Jr. | T32: Bo Bichette | U32: Ernie Clement | V32: Andres Gimenez | W32: Nathan Lukes | X32: Daulton Varsho | Y32: Addison Barger | Z32: 3 | AA32: B/S/IN | AB32: • | AF32: • | AI32: FLY BALL | AJ32: FLYOUT | AL32: 1 | AR32: Mookie Betts flied out to RF
A33: MLB 2025 Postseason | B33: 45962-LAD@TOR-1 | C33: 45962 | D33: 4T | E33: 0 | F33: 3 | G33: Los Angeles Dodgers | H33: Max Muncy | I33: 571970 | J33: L | K33: Freddie Freeman | M33: Will Smith | N33: Toronto Blue Jays | O33: Max Scherzer | P33: 453286 | Q33: R | R33: Alejandro Kirk | S33: Vladimir Guerrero Jr. | T33: Bo Bichette | U33: Ernie Clement | V33: Andres Gimenez | W33: Nathan Lukes | X33: Daulton Varsho | Y33: Addison Barger | Z33: 7 | AA33: F/B/B/B/F/F/B | AB33: • | AC33: • | AD33: • | AE33: • | AF33: • | AG33: • | AJ33: WALK | AR33: Max Muncy walked.. F. Freeman to 2B
A34: MLB 2025 Postseason | B34: 45962-LAD@TOR-1 | C34: 45962 | D34: 4T | E34: 0 | F34: 3 | G34: Los Angeles Dodgers | H34: Teoscar Hernandez | I34: 606192 | J34: R | K34: Max Muncy | L34: Freddie Freeman | M34: Will Smith | N34: Toronto Blue Jays | O34: Max Scherzer | P34: 453286 | Q34: R | R34: Alejandro Kirk | S34: Vladimir Guerrero Jr. | T34: Bo Bichette | U34: Ernie Clement | V34: Andres Gimenez | W34: Nathan Lukes | X34: Daulton Varsho | Y34: Addison Barger | Z34: 2 | AA34: B/IN | AB34: • | AJ34: SAC FLY | AK34: 1 | AL34: 1 | AR34: Teoscar Hernandez lined out to CF on a sacrifice fly.. W. Smith scored.
A35: MLB 2025 Postseason | B35: 45962-LAD@TOR-1 | C35: 45962 | D35: 4T | E35: 1 | F35: 3 | G35: Los Angeles Dodgers | H35: Tommy Edman | I35: 669242 | J35: S | K35: Max Muncy | L35: Freddie Freeman | N35: Toronto Blue Jays | O35: Max Scherzer | P35: 453286 | Q35: R | R35: Alejandro Kirk | S35: Vladimir Guerrero Jr. | T35: Bo Bichette | U35: Ernie Clement | V35: Andres Gimenez | W35: Nathan Lukes | X35: Daulton Varsho | Y35: Addison Barger | Z35: 3 | AA35: B/B/IN | AB35: • | AC35: • | AI35: POP-UP | AJ35: POP OUT | AL35: 1 | AR35: Tommy Edman out to 1B
A36: MLB 2025 Postseason | B36: 45962-LAD@TOR-1 | C36: 45962 | D36: 4B | E36: 1 | F36: 3 | G36: Toronto Blue Jays | H36: Ernie Clement | I36: 676391 | J36: R | N36: Los Angeles Dodgers | O36: Justin Wrobleski | P36: 680736 | Q36: L | R36: Will Smith | S36: Freddie Freeman | T36: Miguel Rojas | U36: Max Muncy | V36: Mookie Betts | W36: Enrique Hernandez | X36: Tommy Edman | Y36: Teoscar Hernandez | Z36: 1 | AA36: IN | AJ36: GROUNDOUT | AL36: 1 | AR36: Ernie Clement grounded out, SS-1B
A37: MLB 2025 Postseason | B37: 45962-LAD@TOR-1 | C37: 45962 | D37: 4B | E37: 1 | F37: 3 | G37: Toronto Blue Jays | H37: Andres Gimenez | I37: 665926 | J37: L | N37: Los Angeles Dodgers | O37: Justin Wrobleski | P37: 680736 | Q37: L | R37: Will Smith | S37: Freddie Freeman | T37: Miguel Rojas | U37: Max Muncy | V37: Mookie Betts | W37: Enrique Hernandez | X37: Tommy Edman | Y37: Teoscar Hernandez | Z37: 5 | AA37: B/S/F/B/HB | AB37: • | AC37: • | AF37: • | AG37: • | AJ37: HIT BY PITCH | AR37: Andres Gimenez was hit by a pitch.
A38: MLB 2025 Postseason | B38: 45962-LAD@TOR-1 | C38: 45962 | D38: 4B | E38: 1 | F38: 3 | G38: Toronto Blue Jays | H38: George Springer | I38: 543807 | J38: R | K38: Andres Gimenez | N38: Los Angeles Dodgers | O38: Justin Wrobleski | P38: 680736 | Q38: L | R38: Will Smith | S38: Freddie Freeman | T38: Miguel Rojas | U38: Max Muncy | V38: Mookie Betts | W38: Enrique Hernandez | X38: Tommy Edman | Y38: Teoscar Hernandez | Z38: 2 | AA38: B/IN | AB38: • | AI38: LINE DRIVE | AJ38: SINGLE | AR38: Single to P. A. Giménez to 2B
A39: MLB 2025 Postseason | B39: 45962-LAD@TOR-1 | C39: 45962 | D39: 4B | E39: 1 | F39: 3 | G39: Toronto Blue Jays | H39: Nathan Lukes | I39: 664770 | J39: L | K39: George Springer | L39: Andres Gimenez | N39: Los Angeles Dodgers | O39: Justin Wrobleski | P39: 680736 | Q39: L | R39: Will Smith | S39: Freddie Freeman | T39: Miguel Rojas | U39: Max Muncy | V39: Mookie Betts | W39: Enrique Hernandez | X39: Tommy Edman | Y39: Teoscar Hernandez | Z39: 4 | AA39: F/S/B/S | AB39: • | AF39: • | AG39: • | AH39: • | AJ39: STRIKEOUT | AL39: 1 | AR39: Nathan Lukes struck out [swinging].
A40: MLB 2025 Postseason | B40: 45962-LAD@TOR-1 | C40: 45962 | D40: 4B | E40: 1 | F40: 3 | G40: Toronto Blue Jays | H40: Vladimir Guerrero Jr. | I40: 665489 | J40: R | K40: George Springer | L40: Andres Gimenez | N40: Los Angeles Dodgers | O40: Tyler Glasnow | P40: 607192 | Q40: R | R40: Will Smith | S40: Freddie Freeman | T40: Miguel Rojas | U40: Max Muncy | V40: Mookie Betts | W40: Enrique Hernandez | X40: Tommy Edman | Y40: Teoscar Hernandez | Z40: 5 | AA40: B/S/B/B/IN | AB40: • | AC40: • | AD40: • | AF40: • | AJ40: LINEOUT | AL40: 1 | AR40: Vladimir Guerrero Jr. lined out to CF
A41: MLB 2025 Postseason | B41: 45962-LAD@TOR-1 | C41: 45962 | D41: 5T | E41: 1 | F41: 3 | G41: Los Angeles Dodgers | H41: Enrique Hernandez | I41: 571771 | J41: R | N41: Toronto Blue Jays | O41: Max Scherzer | P41: 453286 | Q41: R | R41: Alejandro Kirk | S41: Vladimir Guerrero Jr. | T41: Bo Bichette | U41: Ernie Clement | V41: Andres Gimenez | W41: Nathan Lukes | X41: Daulton Varsho | Y41: Addison Barger | Z41: 5 | AA41: S/S/B/B/S | AB41: • | AC41: • | AF41: • | AG41: • | AH41: • | AJ41: STRIKEOUT | AL41: 1 | AR41: Enrique Hernandez struck out [swinging].
A42: MLB 2025 Postseason | B42: 45962-LAD@TOR-1 | C42: 45962 | D42: 5T | E42: 1 | F42: 3 | G42: Los Angeles Dodgers | H42: Miguel Rojas | I42: 500743 | J42: R | N42: Toronto Blue Jays | O42: Max Scherzer | P42: 453286 | Q42: R | R42: Alejandro Kirk | S42: Vladimir Guerrero Jr. | T42: Bo Bichette | U42: Ernie Clement | V42: Andres Gimenez | W42: Nathan Lukes | X42: Daulton Varsho | Y42: Addison Barger | Z42: 2 | AA42: S/IN | AF42: • | AI42: LINE DRIVE | AJ42: SINGLE | AR42: Single to LF
A43: MLB 2025 Postseason | B43: 45962-LAD@TOR-1 | C43: 45962 | D43: 5T | E43: 1 | F43: 3 | G43: Los Angeles Dodgers | H43: Shohei Ohtani | I43: 660271 | J43: L | K43: Miguel Rojas | N43: Toronto Blue Jays | O43: Louis Varland | P43: 686973 | Q43: R | R43: Alejandro Kirk | S43: Vladimir Guerrero Jr. | T43: Bo Bichette | U43: Ernie Clement | V43: Andres Gimenez | W43: Nathan Lukes | X43: Daulton Varsho | Y43: Addison Barger | Z43: 3 | AA43: F/S/IN | AF43: • | AG43: • | AI43: GROUND BALL | AJ43: SINGLE | AR43: Single to RF. M. Rojas to 2B
A44: MLB 2025 Postseason | B44: 45962-LAD@TOR-1 | C44: 45962 | D44: 5T | E44: 1 | F44: 3 | G44: Los Angeles Dodgers | H44: Will Smith | I44: 669257 | J44: R | K44: Shohei Ohtani | L44: Miguel Rojas | N44: Toronto Blue Jays | O44: Louis Varland | P44: 686973 | Q44: R | R44: Alejandro Kirk | S44: Vladimir Guerrero Jr. | T44: Bo Bichette | U44: Ernie Clement | V44: Andres Gimenez | W44: Nathan Lukes | X44: Daulton Varsho | Y44: Addison Barger | Z44: 3 | AA44: S/B/IN | AB44: • | AF44: • | AI44: FLY BALL | AJ44: FLYOUT | AL44: 1 | AR44: Will Smith flied out to CF
A45: MLB 2025 Postseason | B45: 45962-LAD@TOR-1 | C45: 45962 | D45: 5T | E45: 1 | F45: 3 | G45: Los Angeles Dodgers | H45: Freddie Freeman | I45: 518692 | J45: L | K45: Shohei Ohtani | L45: Miguel Rojas | N45: Toronto Blue Jays | O45: Louis Varland | P45: 686973 | Q45: R | R45: Alejandro Kirk | S45: Vladimir Guerrero Jr. | T45: Bo Bichette | U45: Ernie Clement | V45: Andres Gimenez | W45: Nathan Lukes | X45: Daulton Varsho | Y45: Addison Barger | Z45: 3 | AA45: F/B/IN | AB45: • | AF45: • | AI45: FLY BALL | AJ45: FLYOUT | AL45: 1 | AR45: Freddie Freeman flied out to CF
A46: MLB 2025 Postseason | B46: 45962-LAD@TOR-1 | C46: 45962 | D46: 5B | E46: 1 | F46: 3 | G46: Toronto Blue Jays | H46: Bo Bichette | I46: 666182 | J46: R | N46: Los Angeles Dodgers | O46: Tyler Glasnow | P46: 607192 | Q46: R | R46: Will Smith | S46: Freddie Freeman | T46: Miguel Rojas | U46: Max Muncy | V46: Mookie Betts | W46: Enrique Hernandez | X46: Tommy Edman | Y46: Teoscar Hernandez | Z46: 2 | AA46: B/IN | AB46: • | AJ46: LINEOUT | AL46: 1 | AR46: Bo Bichette lined out to 3B
A47: MLB 2025 Postseason | B47: 45962-LAD@TOR-1 | C47: 45962 | D47: 5B | E47: 1 | F47: 3 | G47: Toronto Blue Jays | H47: Addison Barger | I47: 680718 | J47: L | N47: Los Angeles Dodgers | O47: Tyler Glasnow | P47: 607192 | Q47: R | R47: Will Smith | S47: Freddie Freeman | T47: Miguel Rojas | U47: Max Muncy | V47: Mookie Betts | W47: Enrique Hernandez | X47: Tommy Edman | Y47: Teoscar Hernandez | Z47: 6 | AA47: B/S/B/F/F/S | AB47: • | AC47: • | AF47: • | AG47: • | AH47: • | AJ47: STRIKEOUT | AL47: 1 | AR47: Addison Barger struck out [swinging].
A48: MLB 2025 Postseason | B48: 45962-LAD@TOR-1 | C48: 45962 | D48: 5B | E48: 1 | F48: 3 | G48: Toronto Blue Jays | H48: Alejandro Kirk | I48: 672386 | J48: R | N48: Los Angeles Dodgers | O48: Tyler Glasnow | P48: 607192 | Q48: R | R48: Will Smith | S48: Freddie Freeman | T48: Miguel Rojas | U48: Max Muncy | V48: Mookie Betts | W48: Enrique Hernandez | X48: Tommy Edman | Y48: Teoscar Hernandez | Z48: 3 | AA48: S/F/IN | AF48: • | AG48: • | AI48: LINE DRIVE | AJ48: SINGLE | AR48: Single to CF
A49: MLB 2025 Postseason | B49: 45962-LAD@TOR-1 | C49: 45962 | D49: 5B | E49: 1 | F49: 3 | G49: Toronto Blue Jays | H49: Daulton Varsho | I49: 662139 | J49: L | K49: Alejandro Kirk | N49: Los Angeles Dodgers | O49: Tyler Glasnow | P49: 607192 | Q49: R | R49: Will Smith | S49: Freddie Freeman | T49: Miguel Rojas | U49: Max Muncy | V49: Mookie Betts | W49: Enrique Hernandez | X49: Tommy Edman | Y49: Teoscar Hernandez | Z49: 3 | AA49: S/B/IN | AB49: • | AF49: • | AJ49: GROUNDOUT | AL49: 1 | AR49: Daulton Varsho grounded out, 2B-1B
A50: MLB 2025 Postseason | B50: 45962-LAD@TOR-1 | C50: 45962 | D50: 6T | E50: 1 | F50: 3 | G50: Los Angeles Dodgers | H50: Mookie Betts | I50: 605141 | J50: R | N50: Toronto Blue Jays | O50: Chris Bassitt | P50: 605135 | Q50: R | R50: Alejandro Kirk | S50: Vladimir Guerrero Jr. | T50: Bo Bichette | U50: Ernie Clement | V50: Andres Gimenez | W50: Nathan Lukes | X50: Daulton Varsho | Y50: Addison Barger | Z50: 6 | AA50: B/S/S/B/B/B | AB50: • | AC50: • | AD50: • | AE50: • | AF50: • | AG50: • | AJ50: WALK | AR50: Mookie Betts walked.
A51: MLB 2025 Postseason | B51: 45962-LAD@TOR-1 | C51: 45962 | D51: 6T | E51: 1 | F51: 3 | G51: Los Angeles Dodgers | H51: Max Muncy | I51: 571970 | J51: L | K51: Mookie Betts | N51: Toronto Blue Jays | O51: Chris Bassitt | P51: 605135 | Q51: R | R51: Alejandro Kirk | S51: Vladimir Guerrero Jr. | T51: Bo Bichette | U51: Ernie Clement | V51: Andres Gimenez | W51: Nathan Lukes | X51: Daulton Varsho | Y51: Addison Barger | Z51: 2 | AA51: F/IN | AF51: • | AI51: LINE DRIVE | AJ51: SINGLE | AR51: Single to RF. M. Betts to 2B
A52: MLB 2025 Postseason | B52: 45962-LAD@TOR-1 | C52: 45962 | D52: 6T | E52: 1 | F52: 3 | G52: Los Angeles Dodgers | H52: Teoscar Hernandez | I52: 606192 | J52: R | K52: Max Muncy | L52: Mookie Betts | N52: Toronto Blue Jays | O52: Chris Bassitt | P52: 605135 | Q52: R | R52: Alejandro Kirk | S52: Vladimir Guerrero Jr. | T52: Bo Bichette | U52: Ernie Clement | V52: Andres Gimenez | W52: Nathan Lukes | X52: Daulton Varsho | Y52: Addison Barger | Z52: 5 | AA52: S/B/B/F/IN | AB52: • | AC52: • | AF52: • | AG52: • | AJ52: FORCEOUT | AL52: 1 | AR52: Teoscar Hernandez grounded into a force out, P-2B/Forceout at 2B. M. Betts to 3B. T. Hernández to 1B
A53: MLB 2025 Postseason | B53: 45962-LAD@TOR-1 | C53: 45962 | D53: 6T | E53: 1 | F53: 3 | G53: Los Angeles Dodgers | H53: Tommy Edman | I53: 669242 | J53: S | K53: Teoscar Hernandez | M53: Mookie Betts | N53: Toronto Blue Jays | O53: Chris Bassitt | P53: 605135 | Q53: R | R53: Alejandro Kirk | S53: Vladimir Guerrero Jr. | T53: Bo Bichette | U53: Ernie Clement | V53: Andres Gimenez | W53: Nathan Lukes | X53: Daulton Varsho | Y53: Addison Barger | Z53: 3 | AA53: B/F/IN | AB53: • | AF53: • | AI53: FLY BALL | AJ53: SAC FLY | AK53: 1 | AL53: 1 | AR53: Tommy Edman flied out to CF on a sacrifice fly.. M. Betts scored.
A54: MLB 2025 Postseason | B54: 45962-LAD@TOR-1 | C54: 45962 | D54: 6T | E54: 2 | F54: 3 | G54: Los Angeles Dodgers | H54: Enrique Hernandez | I54: 571771 | J54: R | K54: Teoscar Hernandez | N54: Toronto Blue Jays | O54: Chris Bassitt | P54: 605135 | Q54: R | R54: Alejandro Kirk | S54: Vladimir Guerrero Jr. | T54: Bo Bichette | U54: Ernie Clement | V54: Andres Gimenez | W54: Nathan Lukes | X54: Daulton Varsho | Y54: Addison Barger | Z54: 3 | AA54: S/S/IN | AF54: • | AG54: • | AI54: GROUND BALL | AJ54: SINGLE | AR54: Single to RF. T. Hernández to 2B
A55: MLB 2025 Postseason | B55: 45962-LAD@TOR-1 | C55: 45962 | D55: 6T | E55: 2 | F55: 3 | G55: Los Angeles Dodgers | H55: Miguel Rojas | I55: 500743 | J55: R | K55: Enrique Hernandez | L55: Teoscar Hernandez | N55: Toronto Blue Jays | O55: Chris Bassitt | P55: 605135 | Q55: R | R55: Alejandro Kirk | S55: Vladimir Guerrero Jr. | T55: Bo Bichette | U55: Ernie Clement | V55: Andres Gimenez | W55: Nathan Lukes | X55: Daulton Varsho | Y55: Addison Barger | Z55: 7 | AA55: S/B/S/B/F/B/IN | AB55: • | AC55: • | AD55: • | AF55: • | AG55: • | AJ55: GROUNDOUT | AL55: 1 | AR55: Miguel Rojas grounded out, P unassisted
A56: MLB 2025 Postseason | B56: 45962-LAD@TOR-1 | C56: 45962 | D56: 6B | E56: 2 | F56: 3 | G56: Toronto Blue Jays | H56: Ernie Clement | I56: 676391 | J56: R | N56: Los Angeles Dodgers | O56: Tyler Glasnow | P56: 607192 | Q56: R | R56: Will Smith | S56: Freddie Freeman | T56: Miguel Rojas | U56: Max Muncy | V56: Mookie Betts | W56: Enrique Hernandez | X56: Tommy Edman | Y56: Teoscar Hernandez | Z56: 5 | AA56: B/S/B/B/IN | AB56: • | AC56: • | AD56: • | AF56: • | AI56: LINE DRIVE | AJ56: SINGLE | AR56: Single to LF
A57: MLB 2025 Postseason | B57: 45962-LAD@TOR-1 | C57: 45962 | D57: 6B | E57: 2 | F57: 3 | G57: Toronto Blue Jays | H57: Andres Gimenez | I57: 665926 | J57: L | K57: Ernie Clement | N57: Los Angeles Dodgers | O57: Tyler Glasnow | P57: 607192 | Q57: R | R57: Will Smith | S57: Freddie Freeman | T57: Miguel Rojas | U57: Max Muncy | V57: Mookie Betts | W57: Enrique Hernandez | X57: Tommy Edman | Y57: Teoscar Hernandez | Z57: 5 | AA57: B/B/B/S/S | AB57: • | AC57: • | AD57: • | AF57: • | AM57: 1 | AR57: E. Clement stole 2B
A58: MLB 2025 Postseason | B58: 45962-LAD@TOR-1 | C58: 45962 | D58: 6B | E58: 2 | F58: 3 | G58: Toronto Blue Jays | H58: Andres Gimenez | I58: 665926 | J58: L | L58: Ernie Clement | N58: Los Angeles Dodgers | O58: Tyler Glasnow | P58: 607192 | Q58: R | R58: Will Smith | S58: Freddie Freeman | T58: Miguel Rojas | U58: Max Muncy | V58: Mookie Betts | W58: Enrique Hernandez | X58: Tommy Edman | Y58: Teoscar Hernandez | Z58: 6 | AA58: B/B/B/S/S/IN | AB58: • | AC58: • | AD58: • | AF58: • | AG58: • | AI58: LINE DRIVE | AJ58: DOUBLE | AK58: 1 | AR58: Double to RF. E. Clement scored.
A59: MLB 2025 Postseason | B59: 45962-LAD@TOR-1 | C59: 45962 | D59: 6B | E59: 2 | F59: 4 | G59: Toronto Blue Jays | H59: George Springer | I59: 543807 | J59: R | L59: Andres Gimenez | N59: Los Angeles Dodgers | O59: Tyler Glasnow | P59: 607192 | Q59: R | R59: Will Smith | S59: Freddie Freeman | T59: Miguel Rojas | U59: Max Muncy | V59: Mookie Betts | W59: Enrique Hernandez | X59: Tommy Edman | Y59: Teoscar Hernandez | Z59: 4 | AA59: S/B/S/S | AB59: • | AF59: • | AG59: • | AH59: • | AJ59: STRIKEOUT | AL59: 1 | AR59: George Springer struck out [swinging].
A60: MLB 2025 Postseason | B60: 45962-LAD@TOR-1 | C60: 45962 | D60: 6B | E60: 2 | F60: 4 | G60: Toronto Blue Jays | H60: Nathan Lukes | I60: 664770 | J60: L | L60: Andres Gimenez | N60: Los Angeles Dodgers | O60: Tyler Glasnow | P60: 607192 | Q60: R | R60: Will Smith | S60: Freddie Freeman | T60: Miguel Rojas | U60: Max Muncy | V60: Mookie Betts | W60: Enrique Hernandez | X60: Tommy Edman | Y60: Teoscar Hernandez | Z60: 2 | AA60: S/IN | AF60: • | AJ60: LINEOUT | AL60: 1 | AR60: Nathan Lukes lined out to CF. A. Giménez to 3B
A61: MLB 2025 Postseason | B61: 45962-LAD@TOR-1 | C61: 45962 | D61: 6B | E61: 2 | F61: 4 | G61: Toronto Blue Jays | H61: Vladimir Guerrero Jr. | I61: 665489 | J61: R | M61: Andres Gimenez | N61: Los Angeles Dodgers | O61: Tyler Glasnow | P61: 607192 | Q61: R | R61: Will Smith | S61: Freddie Freeman | T61: Miguel Rojas | U61: Max Muncy | V61: Mookie Betts | W61: Enrique Hernandez | X61: Tommy Edman | Y61: Teoscar Hernandez | Z61: 2 | AA61: B/IN | AB61: • | AJ61: GROUNDOUT | AL61: 1 | AR61: Vladimir Guerrero Jr. grounded out, 3B-1B
A62: MLB 2025 Postseason | B62: 45962-LAD@TOR-1 | C62: 45962 | D62: 7T | E62: 2 | F62: 4 | G62: Los Angeles Dodgers | H62: Shohei Ohtani | I62: 660271 | J62: L | N62: Toronto Blue Jays | O62: Trey Yesavage | P62: 702056 | Q62: R | R62: Alejandro Kirk | S62: Vladimir Guerrero Jr. | T62: Bo Bichette | U62: Ernie Clement | V62: Andres Gimenez | W62: Nathan Lukes | X62: Daulton Varsho | Y62: Addison Barger | Z62: 5 | AA62: B/B/B/S/B | AB62: • | AC62: • | AD62: • | AE62: • | AF62: • | AJ62: WALK | AR62: Shohei Ohtani walked.
A63: MLB 2025 Postseason | B63: 45962-LAD@TOR-1 | C63: 45962 | D63: 7T | E63: 2 | F63: 4 | G63: Los Angeles Dodgers | H63: Will Smith | I63: 669257 | J63: R | K63: Shohei Ohtani | N63: Toronto Blue Jays | O63: Trey Yesavage | P63: 702056 | Q63: R | R63: Alejandro Kirk | S63: Vladimir Guerrero Jr. | T63: Bo Bichette | U63: Ernie Clement | V63: Andres Gimenez | W63: Nathan Lukes | X63: Daulton Varsho | Y63: Addison Barger | Z63: 3 | AA63: B/S/IN | AB63: • | AF63: • | AI63: FLY BALL | AJ63: FLYOUT | AL63: 1 | AR63: Will Smith flied out to CF
A64: MLB 2025 Postseason | B64: 45962-LAD@TOR-1 | C64: 45962 | D64: 7T | E64: 2 | F64: 4 | G64: Los Angeles Dodgers | H64: Freddie Freeman | I64: 518692 | J64: L | K64: Shohei Ohtani | N64: Toronto Blue Jays | O64: Trey Yesavage | P64: 702056 | Q64: R | R64: Alejandro Kirk | S64: Vladimir Guerrero Jr. | T64: Bo Bichette | U64: Ernie Clement | V64: Andres Gimenez | W64: Nathan Lukes | X64: Daulton Varsho | Y64: Addison Barger | Z64: 4 | AA64: B/S/B/IN | AB64: • | AC64: • | AF64: • | AJ64: GROUNDED INTO DP | AL64: 2 | AR64: Freddie Freeman grounded into a double play, 1B-SS-1B
A65: MLB 2025 Postseason | B65: 45962-LAD@TOR-1 | C65: 45962 | D65: 7B | E65: 2 | F65: 4 | G65: Toronto Blue Jays | H65: Bo Bichette | I65: 666182 | J65: R | N65: Los Angeles Dodgers | O65: Emmet Sheehan | P65: 686218 | Q65: R | R65: Will Smith | S65: Freddie Freeman | T65: Miguel Rojas | U65: Max Muncy | V65: Mookie Betts | W65: Enrique Hernandez | X65: Tommy Edman | Y65: Teoscar Hernandez | Z65: 5 | AA65: S/S/F/B/S | AB65: • | AF65: • | AG65: • | AH65: • | AJ65: STRIKEOUT | AL65: 1 | AR65: Bo Bichette struck out [swinging].
A66: MLB 2025 Postseason | B66: 45962-LAD@TOR-1 | C66: 45962 | D66: 7B | E66: 2 | F66: 4 | G66: Toronto Blue Jays | H66: Addison Barger | I66: 680718 | J66: L | N66: Los Angeles Dodgers | O66: Emmet Sheehan | P66: 686218 | Q66: R | R66: Will Smith | S66: Freddie Freeman | T66: Miguel Rojas | U66: Max Muncy | V66: Mookie Betts | W66: Enrique Hernandez | X66: Tommy Edman | Y66: Teoscar Hernandez | Z66: 4 | AA66: B/S/B/IN | AB66: • | AC66: • | AF66: • | AJ66: GROUNDOUT | AL66: 1 | AR66: Addison Barger grounded out, 1B unassisted
A67: MLB 2025 Postseason | B67: 45962-LAD@TOR-1 | C67: 45962 | D67: 7B | E67: 2 | F67: 4 | G67: Toronto Blue Jays | H67: Alejandro Kirk | I67: 672386 | J67: R | N67: Los Angeles Dodgers | O67: Emmet Sheehan | P67: 686218 | Q67: R | R67: Will Smith | S67: Freddie Freeman | T67: Miguel Rojas | U67: Max Muncy | V67: Mookie Betts | W67: Enrique Hernandez | X67: Tommy Edman | Y67: Teoscar Hernandez | Z67: 1 | AA67: IN | AI67: LINE DRIVE | AJ67: SINGLE | AR67: Single to RF
A68: MLB 2025 Postseason | B68: 45962-LAD@TOR-1 | C68: 45962 | D68: 7B | E68: 2 | F68: 4 | G68: Toronto Blue Jays | H68: Daulton Varsho | I68: 662139 | J68: L | K68: Alejandro Kirk | N68: Los Angeles Dodgers | O68: Emmet Sheehan | P68: 686218 | Q68: R | R68: Will Smith | S68: Freddie Freeman | T68: Miguel Rojas | U68: Max Muncy | V68: Mookie Betts | W68: Enrique Hernandez | X68: Tommy Edman | Y68: Teoscar Hernandez | Z68: 5 | AA68: S/B/F/F/S | AB68: • | AF68: • | AG68: • | AH68: • | AJ68: STRIKEOUT | AL68: 1 | AR68: Daulton Varsho struck out [swinging].
A69: MLB 2025 Postseason | B69: 45962-LAD@TOR-1 | C69: 45962 | D69: 8T | E69: 2 | F69: 4 | G69: Los Angeles Dodgers | H69: Mookie Betts | I69: 605141 | J69: R | N69: Toronto Blue Jays | O69: Trey Yesavage | P69: 702056 | Q69: R | R69: Alejandro Kirk | S69: Vladimir Guerrero Jr. | T69: Bo Bichette | U69: Ernie Clement | V69: Andres Gimenez | W69: Nathan Lukes | X69: Daulton Varsho | Y69: Addison Barger | Z69: 4 | AA69: S/S/F/IN | AF69: • | AG69: • | AJ69: GROUNDOUT | AL69: 1 | AR69: Mookie Betts grounded out, SS-1B
A70: MLB 2025 Postseason | B70: 45962-LAD@TOR-1 | C70: 45962 | D70: 8T | E70: 2 | F70: 4 | G70: Los Angeles Dodgers | H70: Max Muncy | I70: 571970 | J70: L | N70: Toronto Blue Jays | O70: Trey Yesavage | P70: 702056 | Q70: R | R70: Alejandro Kirk | S70: Vladimir Guerrero Jr. | T70: Bo Bichette | U70: Ernie Clement | V70: Andres Gimenez | W70: Nathan Lukes | X70: Daulton Varsho | Y70: Addison Barger | Z70: 3 | AA70: S/B/IN | AB70: • | AF70: • | AI70: FLY BALL | AJ70: HOME RUN | AK70: 1 | AR70: Home Run
A71: MLB 2025 Postseason | B71: 45962-LAD@TOR-1 | C71: 45962 | D71: 8T | E71: 3 | F71: 4 | G71: Los Angeles Dodgers | H71: Teoscar Hernandez | I71: 606192 | J71: R | N71: Toronto Blue Jays | O71: Trey Yesavage | P71: 702056 | Q71: R | R71: Alejandro Kirk | S71: Vladimir Guerrero Jr. | T71: Bo Bichette | U71: Ernie Clement | V71: Andres Gimenez | W71: Nathan Lukes | X71: Daulton Varsho | Y71: Addison Barger | Z71: 2 | AA71: S/IN | AF71: • | AJ71: GROUNDOUT | AL71: 1 | AR71: Teoscar Hernandez grounded out, 2B-1B
A72: MLB 2025 Postseason | B72: 45962-LAD@TOR-1 | C72: 45962 | D72: 8T | E72: 3 | F72: 4 | G72: Los Angeles Dodgers | H72: Tommy Edman | I72: 669242 | J72: S | N72: Toronto Blue Jays | O72: Jeff Hoffman | P72: 656546 | Q72: R | R72: Alejandro Kirk | S72: Vladimir Guerrero Jr. | T72: Bo Bichette | U72: Ernie Clement | V72: Andres Gimenez | W72: Nathan Lukes | X72: Daulton Varsho | Y72: Addison Barger | Z72: 4 | AA72: B/B/S/IN | AB72: • | AC72: • | AF72: • | AJ72: GROUNDOUT | AL72: 1 | AR72: Tommy Edman grounded out, 2B-1B
A73: MLB 2025 Postseason | B73: 45962-LAD@TOR-1 | C73: 45962 | D73: 8B | E73: 3 | F73: 4 | G73: Toronto Blue Jays | H73: Ernie Clement | I73: 676391 | J73: R | N73: Los Angeles Dodgers | O73: Emmet Sheehan | P73: 686218 | Q73: R | R73: Will Smith | S73: Freddie Freeman | T73: Miguel Rojas | U73: Max Muncy | V73: Mookie Betts | W73: Enrique Hernandez | X73: Tommy Edman | Y73: Teoscar Hernandez | Z73: 5 | AA73: S/B/F/B/IN | AB73: • | AC73: • | AF73: • | AG73: • | AI73: LINE DRIVE | AJ73: DOUBLE | AR73: Double to LF
A74: MLB 2025 Postseason | B74: 45962-LAD@TOR-1 | C74: 45962 | D74: 8B | E74: 3 | F74: 4 | G74: Toronto Blue Jays | H74: Andres Gimenez | I74: 665926 | J74: L | L74: Ernie Clement | N74: Los Angeles Dodgers | O74: Blake Snell | P74: 605483 | Q74: L | R74: Will Smith | S74: Freddie Freeman | T74: Miguel Rojas | U74: Max Muncy | V74: Mookie Betts | W74: Enrique Hernandez | X74: Tommy Edman | Y74: Teoscar Hernandez | Z74: 3 | AA74: B/FB/IN | AB74: • | AF74: • | AJ74: LINEOUT | AL74: 1 | AR74: Andres Gimenez lined out to 3B
A75: MLB 2025 Postseason | B75: 45962-LAD@TOR-1 | C75: 45962 | D75: 8B | E75: 3 | F75: 4 | G75: Toronto Blue Jays | H75: George Springer | I75: 543807 | J75: R | L75: Ernie Clement | N75: Los Angeles Dodgers | O75: Blake Snell | P75: 605483 | Q75: L | R75: Will Smith | S75: Freddie Freeman | T75: Miguel Rojas | U75: Max Muncy | V75: Mookie Betts | W75: Enrique Hernandez | X75: Tommy Edman | Y75: Teoscar Hernandez | Z75: 3 | AA75: F/F/S | AF75: • | AG75: • | AH75: • | AJ75: STRIKEOUT | AL75: 1 | AR75: George Springer struck out [swinging].
A76: MLB 2025 Postseason | B76: 45962-LAD@TOR-1 | C76: 45962 | D76: 8B | E76: 3 | F76: 4 | G76: Toronto Blue Jays | H76: Davis Schneider | I76: 676914 | J76: R | L76: Ernie Clement | N76: Los Angeles Dodgers | O76: Blake Snell | P76: 605483 | Q76: L | R76: Will Smith | S76: Freddie Freeman | T76: Miguel Rojas | U76: Max Muncy | V76: Mookie Betts | W76: Enrique Hernandez | X76: Tommy Edman | Y76: Teoscar Hernandez | Z76: 5 | AA76: S/B/B/S/S | AB76: • | AC76: • | AF76: • | AG76: • | AH76: • | AJ76: STRIKEOUT | AL76: 1 | AR76: Davis Schneider struck out [swinging].
A77: MLB 2025 Postseason | B77: 45962-LAD@TOR-1 | C77: 45962 | D77: 9T | E77: 3 | F77: 4 | G77: Los Angeles Dodgers | H77: Enrique Hernandez | I77: 571771 | J77: R | N77: Toronto Blue Jays | O77: Jeff Hoffman | P77: 656546 | Q77: R | R77: Alejandro Kirk | S77: Vladimir Guerrero Jr. | T77: Bo Bichette | U77: Ernie Clement | V77: Andres Gimenez | W77: Myles Straw | X77: Daulton Varsho | Y77: Addison Barger | Z77: 4 | AA77: B/S/F/S | AB77: • | AF77: • | AG77: • | AH77: • | AJ77: STRIKEOUT | AL77: 1 | AR77: Enrique Hernandez struck out [swinging].
A78: MLB 2025 Postseason | B78: 45962-LAD@TOR-1 | C78: 45962 | D78: 9T | E78: 3 | F78: 4 | G78: Los Angeles Dodgers | H78: Miguel Rojas | I78: 500743 | J78: R | N78: Toronto Blue Jays | O78: Jeff Hoffman | P78: 656546 | Q78: R | R78: Alejandro Kirk | S78: Vladimir Guerrero Jr. | T78: Bo Bichette | U78: Ernie Clement | V78: Andres Gimenez | W78: Myles Straw | X78: Daulton Varsho | Y78: Addison Barger | Z78: 7 | AA78: S/B/B/F/F/B/IN | AB78: • | AC78: • | AD78: • | AF78: • | AG78: • | AI78: FLY BALL | AJ78: HOME RUN | AK78: 1 | AR78: Home Run
A79: MLB 2025 Postseason | B79: 45962-LAD@TOR-1 | C79: 45962 | D79: 9T | E79: 4 | F79: 4 | G79: Los Angeles Dodgers | H79: Shohei Ohtani | I79: 660271 | J79: L | N79: Toronto Blue Jays | O79: Jeff Hoffman | P79: 656546 | Q79: R | R79: Alejandro Kirk | S79: Vladimir Guerrero Jr. | T79: Bo Bichette | U79: Ernie Clement | V79: Andres Gimenez | W79: Myles Straw | X79: Daulton Varsho | Y79: Addison Barger | Z79: 1 | AA79: IN | AI79: FLY BALL | AJ79: FLYOUT | AL79: 1 | AR79: Shohei Ohtani flied out to LF
A80: MLB 2025 Postseason | B80: 45962-LAD@TOR-1 | C80: 45962 | D80: 9T | E80: 4 | F80: 4 | G80: Los Angeles Dodgers | H80: Will Smith | I80: 669257 | J80: R | N80: Toronto Blue Jays | O80: Jeff Hoffman | P80: 656546 | Q80: R | R80: Alejandro Kirk | S80: Vladimir Guerrero Jr. | T80: Bo Bichette | U80: Ernie Clement | V80: Andres Gimenez | W80: Myles Straw | X80: Daulton Varsho | Y80: Addison Barger | Z80: 6 | AA80: S/S/B/B/B/S | AB80: • | AC80: • | AD80: • | AF80: • | AG80: • | AH80: • | AJ80: STRIKEOUT | AL80: 1 | AR80: Will Smith struck out [looking].
A81: MLB 2025 Postseason | B81: 45962-LAD@TOR-1 | C81: 45962 | D81: 9B | E81: 4 | F81: 4 | G81: Toronto Blue Jays | H81: Vladimir Guerrero Jr. | I81: 665489 | J81: R | N81: Los Angeles Dodgers | O81: Blake Snell | P81: 605483 | Q81: L | R81: Will Smith | S81: Freddie Freeman | T81: Miguel Rojas | U81: Max Muncy | V81: Mookie Betts | W81: Enrique Hernandez | X81: Tommy Edman | Y81: Teoscar Hernandez | Z81: 4 | AA81: B/B/B/IN | AB81: • | AC81: • | AD81: • | AI81: FLY BALL | AJ81: FLYOUT | AL81: 1 | AR81: Vladimir Guerrero Jr. flied out to CF
A82: MLB 2025 Postseason | B82: 45962-LAD@TOR-1 | C82: 45962 | D82: 9B | E82: 4 | F82: 4 | G82: Toronto Blue Jays | H82: Bo Bichette | I82: 666182 | J82: R | N82: Los Angeles Dodgers | O82: Blake Snell | P82: 605483 | Q82: L | R82: Will Smith | S82: Freddie Freeman | T82: Miguel Rojas | U82: Max Muncy | V82: Mookie Betts | W82: Enrique Hernandez | X82: Tommy Edman | Y82: Teoscar Hernandez | Z82: 4 | AA82: S/B/B/IN | AB82: • | AC82: • | AF82: • | AI82: LINE DRIVE | AJ82: SINGLE | AR82: Single to LF
A83: MLB 2025 Postseason | B83: 45962-LAD@TOR-1 | C83: 45962 | D83: 9B | E83: 4 | F83: 4 | G83: Toronto Blue Jays | H83: Addison Barger | I83: 680718 | J83: L | K83: Isiah Kiner-Falefa | N83: Los Angeles Dodgers | O83: Blake Snell | P83: 605483 | Q83: L | R83: Will Smith | S83: Freddie Freeman | T83: Miguel Rojas | U83: Max Muncy | V83: Mookie Betts | W83: Enrique Hernandez | X83: Tommy Edman | Y83: Teoscar Hernandez | Z83: 9 | AA83: B/B/S/S/F/F/F/B/B | AB83: • | AC83: • | AD83: • | AE83: • | AF83: • | AG83: • | AJ83: WALK | AR83: Addison Barger walked.. I. Kiner-Falefa to 2B
A84: MLB 2025 Postseason | B84: 45962-LAD@TOR-1 | C84: 45962 | D84: 9B | E84: 4 | F84: 4 | G84: Toronto Blue Jays | H84: Alejandro Kirk | I84: 672386 | J84: R | K84: Addison Barger | L84: Isiah Kiner-Falefa | N84: Los Angeles Dodgers | O84: Yoshinobu Yamamoto | P84: 808967 | Q84: R | R84: Will Smith | S84: Freddie Freeman | T84: Miguel Rojas | U84: Max Muncy | V84: Mookie Betts | W84: Enrique Hernandez | X84: Tommy Edman | Y84: Teoscar Hernandez | Z84: 2 | AA84: S/HB | AF84: • | AJ84: HIT BY PITCH | AR84: Alejandro Kirk was hit by a pitch.. I. Kiner-Falefa to 3B. A. Barger to 2B
A85: MLB 2025 Postseason | B85: 45962-LAD@TOR-1 | C85: 45962 | D85: 9B | E85: 4 | F85: 4 | G85: Toronto Blue Jays | H85: Daulton Varsho | I85: 662139 | J85: L | K85: Alejandro Kirk | L85: Addison Barger | M85: Isiah Kiner-Falefa | N85: Los Angeles Dodgers | O85: Yoshinobu Yamamoto | P85: 808967 | Q85: R | R85: Will Smith | S85: Freddie Freeman | T85: Miguel Rojas | U85: Max Muncy | V85: Mookie Betts | W85: Enrique Hernandez | X85: Andy Pages | Y85: Teoscar Hernandez | Z85: 4 | AA85: B/F/S/IN | AB85: • | AF85: • | AG85: • | AJ85: FORCEOUT | AL85: 1 | AR85: Daulton Varsho grounded into a force out, 2B-C/Forceout at Hm. A. Barger to 3B. A. Kirk to 2B. D. Varsho to 1B
A86: MLB 2025 Postseason | B86: 45962-LAD@TOR-1 | C86: 45962 | D86: 9B | E86: 4 | F86: 4 | G86: Toronto Blue Jays | H86: Ernie Clement | I86: 676391 | J86: R | K86: Daulton Varsho | L86: Alejandro Kirk | M86: Addison Barger | N86: Los Angeles Dodgers | O86: Yoshinobu Yamamoto | P86: 808967 | Q86: R | R86: Will Smith | S86: Freddie Freeman | T86: Miguel Rojas | U86: Max Muncy | V86: Mookie Betts | W86: Enrique Hernandez | X86: Andy Pages | Y86: Teoscar Hernandez | Z86: 1 | AA86: IN | AI86: FLY BALL | AJ86: FLYOUT | AL86: 1 | AR86: Ernie Clement flied out to CF
A87: MLB 2025 Postseason | B87: 45962-LAD@TOR-1 | C87: 45962 | D87: 10T | E87: 4 | F87: 4 | G87: Los Angeles Dodgers | H87: Freddie Freeman | I87: 518692 | J87: L | N87: Toronto Blue Jays | O87: Seranthony Dominguez | P87: 622554 | Q87: R | R87: Alejandro Kirk | S87: Vladimir Guerrero Jr. | T87: Isiah Kiner-Falefa | U87: Ernie Clement | V87: Andres Gimenez | W87: Myles Straw | X87: Daulton Varsho | Y87: Addison Barger | Z87: 3 | AA87: F/B/IN | AB87: • | AF87: • | AI87: FLY BALL | AJ87: FLYOUT | AL87: 1 | AR87: Freddie Freeman flied out to LF
A88: MLB 2025 Postseason | B88: 45962-LAD@TOR-1 | C88: 45962 | D88: 10T | E88: 4 | F88: 4 | G88: Los Angeles Dodgers | H88: Mookie Betts | I88: 605141 | J88: R | N88: Toronto Blue Jays | O88: Seranthony Dominguez | P88: 622554 | Q88: R | R88: Alejandro Kirk | S88: Vladimir Guerrero Jr. | T88: Isiah Kiner-Falefa | U88: Ernie Clement | V88: Andres Gimenez | W88: Myles Straw | X88: Daulton Varsho | Y88: Addison Barger | Z88: 5 | AA88: B/F/B/B/B | AB88: • | AC88: • | AD88: • | AE88: • | AF88: • | AJ88: WALK | AR88: Mookie Betts walked.
A89: MLB 2025 Postseason | B89: 45962-LAD@TOR-1 | C89: 45962 | D89: 10T | E89: 4 | F89: 4 | G89: Los Angeles Dodgers | H89: Max Muncy | I89: 571970 | J89: L | K89: Mookie Betts | N89: Toronto Blue Jays | O89: Seranthony Dominguez | P89: 622554 | Q89: R | R89: Alejandro Kirk | S89: Vladimir Guerrero Jr. | T89: Isiah Kiner-Falefa | U89: Ernie Clement | V89: Andres Gimenez | W89: Myles Straw | X89: Daulton Varsho | Y89: Addison Barger | Z89: 5 | AA89: S/B/B/F/IN | AB89: • | AC89: • | AF89: • | AG89: • | AI89: GROUND BALL | AJ89: SINGLE | AR89: Single to CF. M. Betts to 2B
A90: MLB 2025 Postseason | B90: 45962-LAD@TOR-1 | C90: 45962 | D90: 10T | E90: 4 | F90: 4 | G90: Los Angeles Dodgers | H90: Teoscar Hernandez | I90: 606192 | J90: R | K90: Max Muncy | L90: Mookie Betts | N90: Toronto Blue Jays | O90: Seranthony Dominguez | P90: 622554 | Q90: R | R90: Alejandro Kirk | S90: Vladimir Guerrero Jr. | T90: Isiah Kiner-Falefa | U90: Ernie Clement | V90: Andres Gimenez | W90: Myles Straw | X90: Daulton Varsho | Y90: Addison Barger | Z90: 7 | AA90: B/S/S/B/F/B/B | AB90: • | AC90: • | AD90: • | AE90: • | AF90: • | AG90: • | AJ90: WALK | AR90: Teoscar Hernandez walked.. M. Betts to 3B. M. Muncy to 2B
A91: MLB 2025 Postseason | B91: 45962-LAD@TOR-1 | C91: 45962 | D91: 10T | E91: 4 | F91: 4 | G91: Los Angeles Dodgers | H91: Andy Pages | I91: 681624 | J91: R | K91: Teoscar Hernandez | L91: Max Muncy | M91: Mookie Betts | N91: Toronto Blue Jays | O91: Seranthony Dominguez | P91: 622554 | Q91: R | R91: Alejandro Kirk | S91: Vladimir Guerrero Jr. | T91: Isiah Kiner-Falefa | U91: Ernie Clement | V91: Andres Gimenez | W91: Myles Straw | X91: Daulton Varsho | Y91: Addison Barger | Z91: 4 | AA91: S/B/B/IN | AB91: • | AC91: • | AF91: • | AJ91: FORCEOUT | AL91: 1 | AR91: Andy Pages grounded into a force out, SS-C/Forceout at Hm. M. Muncy to 3B. T. Hernández to 2B. A. Pages to 1B
A92: MLB 2025 Postseason | B92: 45962-LAD@TOR-1 | C92: 45962 | D92: 10T | E92: 4 | F92: 4 | G92: Los Angeles Dodgers | H92: Enrique Hernandez | I92: 571771 | J92: R | K92: Andy Pages | L92: Teoscar Hernandez | M92: Max Muncy | N92: Toronto Blue Jays | O92: Seranthony Dominguez | P92: 622554 | Q92: R | R92: Alejandro Kirk | S92: Vladimir Guerrero Jr. | T92: Isiah Kiner-Falefa | U92: Ernie Clement | V92: Andres Gimenez | W92: Myles Straw | X92: Daulton Varsho | Y92: Addison Barger | Z92: 3 | AA92: B/S/IN | AB92: • | AF92: • | AJ92: GROUNDOUT | AL92: 1 | AR92: Enrique Hernandez grounded out, 1B-P
A93: MLB 2025 Postseason | B93: 45962-LAD@TOR-1 | C93: 45962 | D93: 10B | E93: 4 | F93: 4 | G93: Toronto Blue Jays | H93: Andres Gimenez | I93: 665926 | J93: L | N93: Los Angeles Dodgers | O93: Yoshinobu Yamamoto | P93: 808967 | Q93: R | R93: Will Smith | S93: Freddie Freeman | T93: Miguel Rojas | U93: Max Muncy | V93: Mookie Betts | W93: Enrique Hernandez | X93: Andy Pages | Y93: Teoscar Hernandez | Z93: 3 | AA93: S/S/IN | AF93: • | AG93: • | AJ93: GROUNDOUT | AL93: 1 | AR93: Andres Gimenez grounded out, 2B-1B
A94: MLB 2025 Postseason | B94: 45962-LAD@TOR-1 | C94: 45962 | D94: 10B | E94: 4 | F94: 4 | G94: Toronto Blue Jays | H94: George Springer | I94: 543807 | J94: R | N94: Los Angeles Dodgers | O94: Yoshinobu Yamamoto | P94: 808967 | Q94: R | R94: Will Smith | S94: Freddie Freeman | T94: Miguel Rojas | U94: Max Muncy | V94: Mookie Betts | W94: Enrique Hernandez | X94: Andy Pages | Y94: Teoscar Hernandez | Z94: 7 | AA94: B/B/B/S/S/F/S | AB94: • | AC94: • | AD94: • | AF94: • | AG94: • | AH94: • | AJ94: STRIKEOUT | AL94: 1 | AR94: George Springer struck out [swinging].
A95: MLB 2025 Postseason | B95: 45962-LAD@TOR-1 | C95: 45962 | D95: 10B | E95: 4 | F95: 4 | G95: Toronto Blue Jays | H95: Myles Straw | I95: 664702 | J95: R | N95: Los Angeles Dodgers | O95: Yoshinobu Yamamoto | P95: 808967 | Q95: R | R95: Will Smith | S95: Freddie Freeman | T95: Miguel Rojas | U95: Max Muncy | V95: Mookie Betts | W95: Enrique Hernandez | X95: Andy Pages | Y95: Teoscar Hernandez | Z95: 3 | AA95: F/B/IN | AB95: • | AF95: • | AI95: FLY BALL | AJ95: FLYOUT | AL95: 1 | AR95: Myles Straw flied out to RF
A96: MLB 2025 Postseason | B96: 45962-LAD@TOR-1 | C96: 45962 | D96: 11T | E96: 4 | F96: 4 | G96: Los Angeles Dodgers | H96: Miguel Rojas | I96: 500743 | J96: R | N96: Toronto Blue Jays | O96: Shane Bieber | P96: 669456 | Q96: R | R96: Alejandro Kirk | S96: Vladimir Guerrero Jr. | T96: Isiah Kiner-Falefa | U96: Ernie Clement | V96: Andres Gimenez | W96: Myles Straw | X96: Daulton Varsho | Y96: Addison Barger | Z96: 2 | AA96: S/IN | AF96: • | AJ96: GROUNDOUT | AL96: 1 | AR96: Miguel Rojas grounded out, 3B-1B
A97: MLB 2025 Postseason | B97: 45962-LAD@TOR-1 | C97: 45962 | D97: 11T | E97: 4 | F97: 4 | G97: Los Angeles Dodgers | H97: Shohei Ohtani | I97: 660271 | J97: L | N97: Toronto Blue Jays | O97: Shane Bieber | P97: 669456 | Q97: R | R97: Alejandro Kirk | S97: Vladimir Guerrero Jr. | T97: Isiah Kiner-Falefa | U97: Ernie Clement | V97: Andres Gimenez | W97: Myles Straw | X97: Daulton Varsho | Y97: Addison Barger | Z97: 1 | AA97: IN | AJ97: GROUNDOUT | AL97: 1 | AR97: Shohei Ohtani grounded out, 2B-1B
A98: MLB 2025 Postseason | B98: 45962-LAD@TOR-1 | C98: 45962 | D98: 11T | E98: 4 | F98: 4 | G98: Los Angeles Dodgers | H98: Will Smith | I98: 669257 | J98: R | N98: Toronto Blue Jays | O98: Shane Bieber | P98: 669456 | Q98: R | R98: Alejandro Kirk | S98: Vladimir Guerrero Jr. | T98: Isiah Kiner-Falefa | U98: Ernie Clement | V98: Andres Gimenez | W98: Myles Straw | X98: Daulton Varsho | Y98: Addison Barger | Z98: 3 | AA98: B/B/IN | AB98: • | AC98: • | AI98: FLY BALL | AJ98: HOME RUN | AK98: 1 | AR98: Home Run
A99: MLB 2025 Postseason | B99: 45962-LAD@TOR-1 | C99: 45962 | D99: 11T | E99: 5 | F99: 4 | G99: Los Angeles Dodgers | H99: Freddie Freeman | I99: 518692 | J99: L | N99: Toronto Blue Jays | O99: Shane Bieber | P99: 669456 | Q99: R | R99: Alejandro Kirk | S99: Vladimir Guerrero Jr. | T99: Isiah Kiner-Falefa | U99: Ernie Clement | V99: Andres Gimenez | W99: Myles Straw | X99: Daulton Varsho | Y99: Addison Barger | Z99: 7 | AA99: B/B/S/B/S/F/IN | AB99: • | AC99: • | AD99: • | AF99: • | AG99: • | AJ99: GROUNDOUT | AL99: 1 | AR99: Freddie Freeman grounded out, SS-1B
A100: MLB 2025 Postseason | B100: 45962-LAD@TOR-1 | C100: 45962 | D100: 11B | E100: 5 | F100: 4 | G100: Toronto Blue Jays | H100: Vladimir Guerrero Jr. | I100: 665489 | J100: R | N100: Los Angeles Dodgers | O100: Yoshinobu Yamamoto | P100: 808967 | Q100: R | R100: Will Smith | S100: Freddie Freeman | T100: Hyeseong Kim | U100: Max Muncy | V100: Mookie Betts | W100: Enrique Hernandez | X100: Justin Dean | Y100: Andy Pages | Z100: 6 | AA100: B/B/S/S/B/IN | AB100: • | AC100: • | AD100: • | AF100: • | AG100: • | AI100: LINE DRIVE | AJ100: DOUBLE | AR100: Double to LF
...

Sheet Analytics Dashboard
B2: Offensive & Defensive Analytics Dashboard
B3: Built on the 'MLB-SAMPLE-PbP' tab. All figures are live formulas; add rows to the data tab and everything updates.
B5: Data coverage
B6: Event rows | C6: =Lists!C8 -> 101
B7: Plate appearances | C7: =Lists!C7 -> 99
B8: Games | C8: =SUMPRODUCT((pbp_GameID<>pbp_GameIDPrev)*1) -> 1
B9: Unmapped play types (should be 0) | C9: =Lists!C9 -> 0
B11: Team head-to-head (first two teams in data)
B12: Metric | C12: Team 1 | D12: Team 2 | E12: Edge
B13: Team | C13: ='Team Offense'!B6 -> Los Angeles Dodgers | D13: ='Team Offense'!B7 -> Toronto Blue Jays
B14: Runs | C14: =IFERROR(INDEX('Team Offense'!$F$6:$F$35,MATCH(C$13,'Team Offense'!$B$6:$B$35,0)),"") -> 5 | D14: =IFERROR(INDEX('Team Offense'!$F$6:$F$35,MATCH(D$13,'Team Offense'!$B$6:$B$35,0)),"") -> 4 | E14: =IF(OR(C14="",D14=""),"",IF(C14=D14,"Even",IF(C14>D14,$C$13,$D$13))) -> Los Angeles Dodgers
B15: OPS | C15: =IFERROR(INDEX('Team Offense'!$Y$6:$Y$35,MATCH(C$13,'Team Offense'!$B$6:$B$35,0)),"") -> 0.84552846 | D15: =IFERROR(INDEX('Team Offense'!$Y$6:$Y$35,MATCH(D$13,'Team Offense'!$B$6:$B$35,0)),"") -> 0.87327954 | E15: =IF(OR(C15="",D15=""),"",IF(C15=D15,"Even",IF(C15>D15,$C$13,$D$13))) -> Toronto Blue Jays
B16: AVG | C16: =IFERROR(INDEX('Team Offense'!$V$6:$V$35,MATCH(C$13,'Team Offense'!$B$6:$B$35,0)),"") -> 0.26829268 | D16: =IFERROR(INDEX('Team Offense'!$V$6:$V$35,MATCH(D$13,'Team Offense'!$B$6:$B$35,0)),"") -> 0.3255814 | E16: =IF(OR(C16="",D16=""),"",IF(C16=D16,"Even",IF(C16>D16,$C$13,$D$13))) -> Toronto Blue Jays
B17: ISO (power) | C17: =IFERROR(INDEX('Team Offense'!$Z$6:$Z$35,MATCH(C$13,'Team Offense'!$B$6:$B$35,0)),"") -> 0.24390244 | D17: =IFERROR(INDEX('Team Offense'!$Z$6:$Z$35,MATCH(D$13,'Team Offense'!$B$6:$B$35,0)),"") -> 0.13953488 | E17: =IF(OR(C17="",D17=""),"",IF(C17=D17,"Even",IF(C17>D17,$C$13,$D$13))) -> Los Angeles Dodgers
B18: BB/K | C18: =IFERROR(INDEX('Team Offense'!$AD$6:$AD$35,MATCH(C$13,'Team Offense'!$B$6:$B$35,0)),"") -> 1 | D18: =IFERROR(INDEX('Team Offense'!$AD$6:$AD$35,MATCH(D$13,'Team Offense'!$B$6:$B$35,0)),"") -> 0.33333333 | E18: =IF(OR(C18="",D18=""),"",IF(C18=D18,"Even",IF(C18>D18,$C$13,$D$13))) -> Los Angeles Dodgers
B19: Pitches per PA (patience) | C19: =IFERROR(INDEX('Team Offense'!$AE$6:$AE$35,MATCH(C$13,'Team Offense'!$B$6:$B$35,0)),"") -> 3.5833333 | D19: =IFERROR(INDEX('Team Offense'!$AE$6:$AE$35,MATCH(D$13,'Team Offense'!$B$6:$B$35,0)),"") -> 3.7647059 | E19: =IF(OR(C19="",D19=""),"",IF(C19=D19,"Even",IF(C19>D19,$C$13,$D$13))) -> Toronto Blue Jays
B20: Strike % (pitching) | C20: =IFERROR(INDEX('Team Pitching & Defense'!$P$6:$P$35,MATCH(C$13,'Team Pitching & Defense'!$B$6:$B$35,0)),"") -> 0.61538462 | D20: =IFERROR(INDEX('Team Pitching & Defense'!$P$6:$P$35,MATCH(D$13,'Team Pitching & Defense'!$B$6:$B$35,0)),"") -> 0.60465116 | E20: =IF(OR(C20="",D20=""),"",IF(C20=D20,"Even",IF(C20>D20,$C$13,$D$13))) -> Los Angeles Dodgers
B21: First-pitch strike % | C21: =IFERROR(INDEX('Team Pitching & Defense'!$Q$6:$Q$35,MATCH(C$13,'Team Pitching & Defense'!$B$6:$B$35,0)),"") -> 0.54901961 | D21: =IFERROR(INDEX('Team Pitching & Defense'!$Q$6:$Q$35,MATCH(D$13,'Team Pitching & Defense'!$B$6:$B$35,0)),"") -> 0.625 | E21: =IF(OR(C21="",D21=""),"",IF(C21=D21,"Even",IF(C21>D21,$C$13,$D$13))) -> Toronto Blue Jays
B22: K-BB% (pitching) | C22: =IFERROR(INDEX('Team Pitching & Defense'!$T$6:$T$35,MATCH(C$13,'Team Pitching & Defense'!$B$6:$B$35,0)),"") -> 0.15686275 | D22: =IFERROR(INDEX('Team Pitching & Defense'!$T$6:$T$35,MATCH(D$13,'Team Pitching & Defense'!$B$6:$B$35,0)),"") -> 0 | E22: =IF(OR(C22="",D22=""),"",IF(C22=D22,"Even",IF(C22>D22,$C$13,$D$13))) -> Los Angeles Dodgers
B23: FIP | C23: =IFERROR(INDEX('Team Pitching & Defense'!$V$6:$V$35,MATCH(C$13,'Team Pitching & Defense'!$B$6:$B$35,0)),"") -> 3.7363636 | D23: =IFERROR(INDEX('Team Pitching & Defense'!$V$6:$V$35,MATCH(D$13,'Team Pitching & Defense'!$B$6:$B$35,0)),"") -> 7.1 | E23: =IF(OR(C23="",D23=""),"",IF(C23=D23,"Even",IF(C23<D23,$C$13,$D$13))) -> Los Angeles Dodgers
B24: WHIP | C24: =IFERROR(INDEX('Team Pitching & Defense'!$U$6:$U$35,MATCH(C$13,'Team Pitching & Defense'!$B$6:$B$35,0)),"") -> 1.6363636 | D24: =IFERROR(INDEX('Team Pitching & Defense'!$U$6:$U$35,MATCH(D$13,'Team Pitching & Defense'!$B$6:$B$35,0)),"") -> 1.4545455 | E24: =IF(OR(C24="",D24=""),"",IF(C24=D24,"Even",IF(C24<D24,$C$13,$D$13))) -> Toronto Blue Jays
B25: Defensive efficiency (DER) | C25: =IFERROR(INDEX('Team Pitching & Defense'!$Y$6:$Y$35,MATCH(C$13,'Team Pitching & Defense'!$B$6:$B$35,0)),"") -> 0.56666667 | D25: =IFERROR(INDEX('Team Pitching & Defense'!$Y$6:$Y$35,MATCH(D$13,'Team Pitching & Defense'!$B$6:$B$35,0)),"") -> 0.77142857 | E25: =IF(OR(C25="",D25=""),"",IF(C25=D25,"Even",IF(C25>D25,$C$13,$D$13))) -> Toronto Blue Jays
B26: Double plays turned | C26: =IFERROR(INDEX('Team Pitching & Defense'!$AB$6:$AB$35,MATCH(C$13,'Team Pitching & Defense'!$B$6:$B$35,0)),"") -> 2 | D26: =IFERROR(INDEX('Team Pitching & Defense'!$AB$6:$AB$35,MATCH(D$13,'Team Pitching & Defense'!$B$6:$B$35,0)),"") -> 1 | E26: =IF(OR(C26="",D26=""),"",IF(C26=D26,"Even",IF(C26>D26,$C$13,$D$13))) -> Los Angeles Dodgers
B29: Top batters by OPS (min PA on Lists tab) | H29: Top pitchers by FIP (min BF on Lists tab)
B30: Rank | C30: Batter | D30: Team | E30: PA | F30: OPS | H30: Rank | I30: Pitcher | J30: Team | K30: BF | L30: FIP
B31: 1 | C31: =IFERROR(INDEX('Batter Leaders'!$B$6:$B$255,MATCH(B31,'Batter Leaders'!$AA$6:$AA$255,0)),"") -> Max Muncy | D31: =IFERROR(INDEX('Batter Leaders'!$C$6:$C$255,MATCH(C31,'Batter Leaders'!$B$6:$B$255,0)),"") -> Los Angeles Dodgers | E31: =IFERROR(INDEX('Batter Leaders'!$E$6:$E$255,MATCH(C31,'Batter Leaders'!$B$6:$B$255,0)),"") -> 5 | F31: =IFERROR(INDEX('Batter Leaders'!$T$6:$T$255,MATCH(C31,'Batter Leaders'!$B$6:$B$255,0)),"") -> 2.3 | H31: 1 | I31: =IFERROR(INDEX('Pitcher Leaders'!$B$6:$B$255,MATCH(H31,'Pitcher Leaders'!$AA$6:$AA$255,0)),"") -> Emmet Sheehan | J31: =IFERROR(INDEX('Pitcher Leaders'!$C$6:$C$255,MATCH(I31,'Pitcher Leaders'!$B$6:$B$255,0)),"") -> Los Angeles Dodgers | K31: =IFERROR(INDEX('Pitcher Leaders'!$E$6:$E$255,MATCH(I31,'Pitcher Leaders'!$B$6:$B$255,0)),"") -> 5 | L31: =IFERROR(INDEX('Pitcher Leaders'!$X$6:$X$255,MATCH(I31,'Pitcher Leaders'!$B$6:$B$255,0)),"") -> -0.9
B32: 2 | C32: =IFERROR(INDEX('Batter Leaders'!$B$6:$B$255,MATCH(B32,'Batter Leaders'!$AA$6:$AA$255,0)),"") -> Bo Bichette | D32: =IFERROR(INDEX('Batter Leaders'!$C$6:$C$255,MATCH(C32,'Batter Leaders'!$B$6:$B$255,0)),"") -> Toronto Blue Jays | E32: =IFERROR(INDEX('Batter Leaders'!$E$6:$E$255,MATCH(C32,'Batter Leaders'!$B$6:$B$255,0)),"") -> 5 | F32: =IFERROR(INDEX('Batter Leaders'!$T$6:$T$255,MATCH(C32,'Batter Leaders'!$B$6:$B$255,0)),"") -> 1.85 | H32: 2 | I32: =IFERROR(INDEX('Pitcher Leaders'!$B$6:$B$255,MATCH(H32,'Pitcher Leaders'!$AA$6:$AA$255,0)),"") -> Tyler Glasnow | J32: =IFERROR(INDEX('Pitcher Leaders'!$C$6:$C$255,MATCH(I32,'Pitcher Leaders'!$B$6:$B$255,0)),"") -> Los Angeles Dodgers | K32: =IFERROR(INDEX('Pitcher Leaders'!$E$6:$E$255,MATCH(I32,'Pitcher Leaders'!$B$6:$B$255,0)),"") -> 10 | L32: =IFERROR(INDEX('Pitcher Leaders'!$X$6:$X$255,MATCH(I32,'Pitcher Leaders'!$B$6:$B$255,0)),"") -> 1.3857143
B33: 3 | C33: =IFERROR(INDEX('Batter Leaders'!$B$6:$B$255,MATCH(B33,'Batter Leaders'!$AA$6:$AA$255,0)),"") -> Ernie Clement | D33: =IFERROR(INDEX('Batter Leaders'!$C$6:$C$255,MATCH(C33,'Batter Leaders'!$B$6:$B$255,0)),"") -> Toronto Blue Jays | E33: =IFERROR(INDEX('Batter Leaders'!$E$6:$E$255,MATCH(C33,'Batter Leaders'!$B$6:$B$255,0)),"") -> 5 | F33: =IFERROR(INDEX('Batter Leaders'!$T$6:$T$255,MATCH(C33,'Batter Leaders'!$B$6:$B$255,0)),"") -> 1.4 | H33: 3 | I33: =IFERROR(INDEX('Pitcher Leaders'!$B$6:$B$255,MATCH(H33,'Pitcher Leaders'!$AA$6:$AA$255,0)),"") -> Justin Wrobleski | J33: =IFERROR(INDEX('Pitcher Leaders'!$C$6:$C$255,MATCH(I33,'Pitcher Leaders'!$B$6:$B$255,0)),"") -> Los Angeles Dodgers | K33: =IFERROR(INDEX('Pitcher Leaders'!$E$6:$E$255,MATCH(I33,'Pitcher Leaders'!$B$6:$B$255,0)),"") -> 7 | L33: =IFERROR(INDEX('Pitcher Leaders'!$X$6:$X$255,MATCH(I33,'Pitcher Leaders'!$B$6:$B$255,0)),"") -> 2.35
B34: 4 | C34: =IFERROR(INDEX('Batter Leaders'!$B$6:$B$255,MATCH(B34,'Batter Leaders'!$AA$6:$AA$255,0)),"") -> Miguel Rojas | D34: =IFERROR(INDEX('Batter Leaders'!$C$6:$C$255,MATCH(C34,'Batter Leaders'!$B$6:$B$255,0)),"") -> Los Angeles Dodgers | E34: =IFERROR(INDEX('Batter Leaders'!$E$6:$E$255,MATCH(C34,'Batter Leaders'!$B$6:$B$255,0)),"") -> 5 | F34: =IFERROR(INDEX('Batter Leaders'!$T$6:$T$255,MATCH(C34,'Batter Leaders'!$B$6:$B$255,0)),"") -> 1.4 | H34: 4 | I34: =IFERROR(INDEX('Pitcher Leaders'!$B$6:$B$255,MATCH(H34,'Pitcher Leaders'!$AA$6:$AA$255,0)),"") -> Blake Snell | J34: =IFERROR(INDEX('Pitcher Leaders'!$C$6:$C$255,MATCH(I34,'Pitcher Leaders'!$B$6:$B$255,0)),"") -> Los Angeles Dodgers | K34: =IFERROR(INDEX('Pitcher Leaders'!$E$6:$E$255,MATCH(I34,'Pitcher Leaders'!$B$6:$B$255,0)),"") -> 6 | L34: =IFERROR(INDEX('Pitcher Leaders'!$X$6:$X$255,MATCH(I34,'Pitcher Leaders'!$B$6:$B$255,0)),"") -> 2.35
B35: 5 | C35: =IFERROR(INDEX('Batter Leaders'!$B$6:$B$255,MATCH(B35,'Batter Leaders'!$AA$6:$AA$255,0)),"") -> Will Smith | D35: =IFERROR(INDEX('Batter Leaders'!$C$6:$C$255,MATCH(C35,'Batter Leaders'!$B$6:$B$255,0)),"") -> Los Angeles Dodgers | E35: =IFERROR(INDEX('Batter Leaders'!$E$6:$E$255,MATCH(C35,'Batter Leaders'!$B$6:$B$255,0)),"") -> 6 | F35: =IFERROR(INDEX('Batter Leaders'!$T$6:$T$255,MATCH(C35,'Batter Leaders'!$B$6:$B$255,0)),"") -> 1.3333333 | H35: 5 | I35: =IFERROR(INDEX('Pitcher Leaders'!$B$6:$B$255,MATCH(H35,'Pitcher Leaders'!$AA$6:$AA$255,0)),"") -> Max Scherzer | J35: =IFERROR(INDEX('Pitcher Leaders'!$C$6:$C$255,MATCH(I35,'Pitcher Leaders'!$B$6:$B$255,0)),"") -> Toronto Blue Jays | K35: =IFERROR(INDEX('Pitcher Leaders'!$E$6:$E$255,MATCH(I35,'Pitcher Leaders'!$B$6:$B$255,0)),"") -> 18 | L35: =IFERROR(INDEX('Pitcher Leaders'!$X$6:$X$255,MATCH(I35,'Pitcher Leaders'!$B$6:$B$255,0)),"") -> 2.4076923
B37: Ties are broken by order of appearance. Change qualification thresholds on the Lists tab (C11:C12).

Sheet Team Offense
B2: Team Offense
B3: Batting production by team. Team list builds automatically from the data (up to 30 teams).
B5: Team | C5: G | D5: PA | E5: AB | F5: R | G5: H | H5: 1B | I5: 2B | J5: 3B | K5: HR | L5: TB | M5: BB | N5: IBB | O5: HBP | P5: K | Q5: SF | R5: SH | S5: DP | T5: SB | U5: CS | V5: AVG | W5: OBP | X5: SLG | Y5: OPS | Z5: ISO | AA5: BABIP | AB5: K% | AC5: BB% | AD5: BB/K | AE5: Pitches / PA | AF5: SB%
B6: {=IFERROR(INDEX(pbp_BatTeam,MATCH(0,COUNTIF($B$5:B5,pbp_BatTeam),0)),"")} -> Los Angeles Dodgers | C6: =IF($B6="","",SUMPRODUCT((pbp_BatTeam=$B6)*(LEN(pbp_Inning)=2)*(LEFT(pbp_Inning,1)="1")*(((pbp_Inning<>pbp_InningPrev)+(pbp_GameID<>pbp_GameIDPrev))>0))) -> 1 | D6: =IF($B6="","",SUMPRODUCT(COUNTIFS(pbp_PlayType,EM_Type,pbp_BatTeam,$B6)*EM_PA)) -> 48 | E6: =IF($B6="","",SUMPRODUCT(COUNTIFS(pbp_PlayType,EM_Type,pbp_BatTeam,$B6)*EM_AB)) -> 41 | F6: =IF($B6="","",SUMIFS(pbp_Runs,pbp_BatTeam,$B6)) -> 5 | G6: =IF($B6="","",SUMPRODUCT(COUNTIFS(pbp_PlayType,EM_Type,pbp_BatTeam,$B6)*EM_H)) -> 11 | H6: =IF($B6="","",SUMPRODUCT(COUNTIFS(pbp_PlayType,EM_Type,pbp_BatTeam,$B6)*EM_1B)) -> 7 | I6: =IF($B6="","",SUMPRODUCT(COUNTIFS(pbp_PlayType,EM_Type,pbp_BatTeam,$B6)*EM_2B)) -> 1 | J6: =IF($B6="","",SUMPRODUCT(COUNTIFS(pbp_PlayType,EM_Type,pbp_BatTeam,$B6)*EM_3B)) -> 0 | K6: =IF($B6="","",SUMPRODUCT(COUNTIFS(pbp_PlayType,EM_Type,pbp_BatTeam,$B6)*EM_HR)) -> 3 | L6: =IF($B6="","",H6+2*I6+3*J6+4*K6) -> 21 | M6: =IF($B6="","",SUMPRODUCT(COUNTIFS(pbp_PlayType,EM_Type,pbp_BatTeam,$B6)*EM_BB)) -> 5 | N6: =IF($B6="","",SUMPRODUCT(COUNTIFS(pbp_PlayType,EM_Type,pbp_BatTeam,$B6)*EM_IBB)) -> 0 | O6: =IF($B6="","",SUMPRODUCT(COUNTIFS(pbp_PlayType,EM_Type,pbp_BatTeam,$B6)*EM_HBP)) -> 0 | P6: =IF($B6="","",COUNTIFS(pbp_PlayType,"?*",pbp_Desc,"*struck out*",pbp_BatTeam,$B6)) -> 5 | Q6: =IF($B6="","",SUMPRODUCT(COUNTIFS(pbp_PlayType,EM_Type,pbp_BatTeam,$B6)*EM_SF)) -> 2 | R6: =IF($B6="","",SUMPRODUCT(COUNTIFS(pbp_PlayType,EM_Type,pbp_BatTeam,$B6)*EM_SH)) -> 0 | S6: =IF($B6="","",SUMPRODUCT(COUNTIFS(pbp_PlayType,EM_Type,pbp_BatTeam,$B6)*EM_DP)) -> 1 | T6: =IF($B6="","",SUMIFS(pbp_SB,pbp_BatTeam,$B6)) -> 0 | U6: =IF($B6="","",SUMIFS(pbp_CS,pbp_BatTeam,$B6)) -> 0 | V6: =IF($B6="","",IF((E6)=0,"",(G6)/(E6))) -> 0.26829268 | W6: =IF($B6="","",IF(((E6+M6+O6+Q6))=0,"",((G6+M6+O6))/((E6+M6+O6+Q6)))) -> 0.33333333 | X6: =IF($B6="","",IF((E6)=0,"",(L6)/(E6))) -> 0.51219512 | Y6: =IF($B6="","",IF(E6=0,"",W6+X6)) -> 0.84552846 | Z6: =IF($B6="","",IF(E6=0,"",X6-V6)) -> 0.24390244 | AA6: =IF($B6="","",IF(((E6-P6-K6+Q6))=0,"",((G6-K6))/((E6-P6-K6+Q6)))) -> 0.22857143 | AB6: =IF($B6="","",IF((D6)=0,"",(P6)/(D6))) -> 0.10416667 | AC6: =IF($B6="","",IF((D6)=0,"",(M6)/(D6))) -> 0.10416667 | AD6: =IF($B6="","",IF((P6)=0,"",(M6)/(P6))) -> 1 | AE6: =IF($B6="","",IF((D6)=0,"",(SUMIFS(pbp_Pitches,pbp_BatTeam,$B6,pbp_PlayType,"?*"))/(D6))) -> 3.5833333 | AF6: =IF($B6="","",IF(((T6+U6))=0,"",(T6)/((T6+U6))))
B7: {=IFERROR(INDEX(pbp_BatTeam,MATCH(0,COUNTIF($B$5:B6,pbp_BatTeam),0)),"")} -> Toronto Blue Jays | C7: =IF($B7="","",SUMPRODUCT((pbp_BatTeam=$B7)*(LEN(pbp_Inning)=2)*(LEFT(pbp_Inning,1)="1")*(((pbp_Inning<>pbp_InningPrev)+(pbp_GameID<>pbp_GameIDPrev))>0))) -> 1 | D7: =IF($B7="","",SUMPRODUCT(COUNTIFS(pbp_PlayType,EM_Type,pbp_BatTeam,$B7)*EM_PA)) -> 51 | E7: =IF($B7="","",SUMPRODUCT(COUNTIFS(pbp_PlayType,EM_Type,pbp_BatTeam,$B7)*EM_AB)) -> 43 | F7: =IF($B7="","",SUMIFS(pbp_Runs,pbp_BatTeam,$B7)) -> 4 | G7: =IF($B7="","",SUMPRODUCT(COUNTIFS(pbp_PlayType,EM_Type,pbp_BatTeam,$B7)*EM_H)) -> 14 | H7: =IF($B7="","",SUMPRODUCT(COUNTIFS(pbp_PlayType,EM_Type,pbp_BatTeam,$B7)*EM_1B)) -> 10 | I7: =IF($B7="","",SUMPRODUCT(COUNTIFS(pbp_PlayType,EM_Type,pbp_BatTeam,$B7)*EM_2B)) -> 3 | J7: =IF($B7="","",SUMPRODUCT(COUNTIFS(pbp_PlayType,EM_Type,pbp_BatTeam,$B7)*EM_3B)) -> 0 | K7: =IF($B7="","",SUMPRODUCT(COUNTIFS(pbp_PlayType,EM_Type,pbp_BatTeam,$B7)*EM_HR)) -> 1 | L7: =IF($B7="","",H7+2*I7+3*J7+4*K7) -> 20 | M7: =IF($B7="","",SUMPRODUCT(COUNTIFS(pbp_PlayType,EM_Type,pbp_BatTeam,$B7)*EM_BB)) -> 4 | N7: =IF($B7="","",SUMPRODUCT(COUNTIFS(pbp_PlayType,EM_Type,pbp_BatTeam,$B7)*EM_IBB)) -> 1 | O7: =IF($B7="","",SUMPRODUCT(COUNTIFS(pbp_PlayType,EM_Type,pbp_BatTeam,$B7)*EM_HBP)) -> 2 | P7: =IF($B7="","",COUNTIFS(pbp_PlayType,"?*",pbp_Desc,"*struck out*",pbp_BatTeam,$B7)) -> 12 | Q7: =IF($B7="","",SUMPRODUCT(COUNTIFS(pbp_PlayType,EM_Type,pbp_BatTeam,$B7)*EM_SF)) -> 0 | R7: =IF($B7="","",SUMPRODUCT(COUNTIFS(pbp_PlayType,EM_Type,pbp_BatTeam,$B7)*EM_SH)) -> 2 | S7: =IF($B7="","",SUMPRODUCT(COUNTIFS(pbp_PlayType,EM_Type,pbp_BatTeam,$B7)*EM_DP)) -> 2 | T7: =IF($B7="","",SUMIFS(pbp_SB,pbp_BatTeam,$B7)) -> 1 | U7: =IF($B7="","",SUMIFS(pbp_CS,pbp_BatTeam,$B7)) -> 1 | V7: =IF($B7="","",IF((E7)=0,"",(G7)/(E7))) -> 0.3255814 | W7: =IF($B7="","",IF(((E7+M7+O7+Q7))=0,"",((G7+M7+O7))/((E7+M7+O7+Q7)))) -> 0.40816327 | X7: =IF($B7="","",IF((E7)=0,"",(L7)/(E7))) -> 0.46511628 | Y7: =IF($B7="","",IF(E7=0,"",W7+X7)) -> 0.87327954 | Z7: =IF($B7="","",IF(E7=0,"",X7-V7)) -> 0.13953488 | AA7: =IF($B7="","",IF(((E7-P7-K7+Q7))=0,"",((G7-K7))/((E7-P7-K7+Q7)))) -> 0.43333333 | AB7: =IF($B7="","",IF((D7)=0,"",(P7)/(D7))) -> 0.23529412 | AC7: =IF($B7="","",IF((D7)=0,"",(M7)/(D7))) -> 0.078431373 | AD7: =IF($B7="","",IF((P7)=0,"",(M7)/(P7))) -> 0.33333333 | AE7: =IF($B7="","",IF((D7)=0,"",(SUMIFS(pbp_Pitches,pbp_BatTeam,$B7,pbp_PlayType,"?*"))/(D7))) -> 3.7647059 | AF7: =IF($B7="","",IF(((T7+U7))=0,"",(T7)/((T7+U7)))) -> 0.5
B8: {=IFERROR(INDEX(pbp_BatTeam,MATCH(0,COUNTIF($B$5:B7,pbp_BatTeam),0)),"")} | C8: =IF($B8="","",SUMPRODUCT((pbp_BatTeam=$B8)*(LEN(pbp_Inning)=2)*(LEFT(pbp_Inning,1)="1")*(((pbp_Inning<>pbp_InningPrev)+(pbp_GameID<>pbp_GameIDPrev))>0))) | D8: =IF($B8="","",SUMPRODUCT(COUNTIFS(pbp_PlayType,EM_Type,pbp_BatTeam,$B8)*EM_PA)) | E8: =IF($B8="","",SUMPRODUCT(COUNTIFS(pbp_PlayType,EM_Type,pbp_BatTeam,$B8)*EM_AB)) | F8: =IF($B8="","",SUMIFS(pbp_Runs,pbp_BatTeam,$B8)) | G8: =IF($B8="","",SUMPRODUCT(COUNTIFS(pbp_PlayType,EM_Type,pbp_BatTeam,$B8)*EM_H)) | H8: =IF($B8="","",SUMPRODUCT(COUNTIFS(pbp_PlayType,EM_Type,pbp_BatTeam,$B8)*EM_1B)) | I8: =IF($B8="","",SUMPRODUCT(COUNTIFS(pbp_PlayType,EM_Type,pbp_BatTeam,$B8)*EM_2B)) | J8: =IF($B8="","",SUMPRODUCT(COUNTIFS(pbp_PlayType,EM_Type,pbp_BatTeam,$B8)*EM_3B)) | K8: =IF($B8="","",SUMPRODUCT(COUNTIFS(pbp_PlayType,EM_Type,pbp_BatTeam,$B8)*EM_HR)) | L8: =IF($B8="","",H8+2*I8+3*J8+4*K8) | M8: =IF($B8="","",SUMPRODUCT(COUNTIFS(pbp_PlayType,EM_Type,pbp_BatTeam,$B8)*EM_BB)) | N8: =IF($B8="","",SUMPRODUCT(COUNTIFS(pbp_PlayType,EM_Type,pbp_BatTeam,$B8)*EM_IBB)) | O8: =IF($B8="","",SUMPRODUCT(COUNTIFS(pbp_PlayType,EM_Type,pbp_BatTeam,$B8)*EM_HBP)) | P8: =IF($B8="","",COUNTIFS(pbp_PlayType,"?*",pbp_Desc,"*struck out*",pbp_BatTeam,$B8)) | Q8: =IF($B8="","",SUMPRODUCT(COUNTIFS(pbp_PlayType,EM_Type,pbp_BatTeam,$B8)*EM_SF)) | R8: =IF($B8="","",SUMPRODUCT(COUNTIFS(pbp_PlayType,EM_Type,pbp_BatTeam,$B8)*EM_SH)) | S8: =IF($B8="","",SUMPRODUCT(COUNTIFS(pbp_PlayType,EM_Type,pbp_BatTeam,$B8)*EM_DP)) | T8: =IF($B8="","",SUMIFS(pbp_SB,pbp_BatTeam,$B8)) | U8: =IF($B8="","",SUMIFS(pbp_CS,pbp_BatTeam,$B8)) | V8: =IF($B8="","",IF((E8)=0,"",(G8)/(E8))) | W8: =IF($B8="","",IF(((E8+M8+O8+Q8))=0,"",((G8+M8+O8))/((E8+M8+O8+Q8)))) | X8: =IF($B8="","",IF((E8)=0,"",(L8)/(E8))) | Y8: =IF($B8="","",IF(E8=0,"",W8+X8)) | Z8: =IF($B8="","",IF(E8=0,"",X8-V8)) | AA8: =IF($B8="","",IF(((E8-P8-K8+Q8))=0,"",((G8-K8))/((E8-P8-K8+Q8)))) | AB8: =IF($B8="","",IF((D8)=0,"",(P8)/(D8))) | AC8: =IF($B8="","",IF((D8)=0,"",(M8)/(D8))) | AD8: =IF($B8="","",IF((P8)=0,"",(M8)/(P8))) | AE8: =IF($B8="","",IF((D8)=0,"",(SUMIFS(pbp_Pitches,pbp_BatTeam,$B8,pbp_PlayType,"?*"))/(D8))) | AF8: =IF($B8="","",IF(((T8+U8))=0,"",(T8)/((T8+U8))))
B9: {=IFERROR(INDEX(pbp_BatTeam,MATCH(0,COUNTIF($B$5:B8,pbp_BatTeam),0)),"")} | C9: =IF($B9="","",SUMPRODUCT((pbp_BatTeam=$B9)*(LEN(pbp_Inning)=2)*(LEFT(pbp_Inning,1)="1")*(((pbp_Inning<>pbp_InningPrev)+(pbp_GameID<>pbp_GameIDPrev))>0))) | D9: =IF($B9="","",SUMPRODUCT(COUNTIFS(pbp_PlayType,EM_Type,pbp_BatTeam,$B9)*EM_PA)) | E9: =IF($B9="","",SUMPRODUCT(COUNTIFS(pbp_PlayType,EM_Type,pbp_BatTeam,$B9)*EM_AB)) | F9: =IF($B9="","",SUMIFS(pbp_Runs,pbp_BatTeam,$B9)) | G9: =IF($B9="","",SUMPRODUCT(COUNTIFS(pbp_PlayType,EM_Type,pbp_BatTeam,$B9)*EM_H)) | H9: =IF($B9="","",SUMPRODUCT(COUNTIFS(pbp_PlayType,EM_Type,pbp_BatTeam,$B9)*EM_1B)) | I9: =IF($B9="","",SUMPRODUCT(COUNTIFS(pbp_PlayType,EM_Type,pbp_BatTeam,$B9)*EM_2B)) | J9: =IF($B9="","",SUMPRODUCT(COUNTIFS(pbp_PlayType,EM_Type,pbp_BatTeam,$B9)*EM_3B)) | K9: =IF($B9="","",SUMPRODUCT(COUNTIFS(pbp_PlayType,EM_Type,pbp_BatTeam,$B9)*EM_HR)) | L9: =IF($B9="","",H9+2*I9+3*J9+4*K9) | M9: =IF($B9="","",SUMPRODUCT(COUNTIFS(pbp_PlayType,EM_Type,pbp_BatTeam,$B9)*EM_BB)) | N9: =IF($B9="","",SUMPRODUCT(COUNTIFS(pbp_PlayType,EM_Type,pbp_BatTeam,$B9)*EM_IBB)) | O9: =IF($B9="","",SUMPRODUCT(COUNTIFS(pbp_PlayType,EM_Type,pbp_BatTeam,$B9)*EM_HBP)) | P9: =IF($B9="","",COUNTIFS(pbp_PlayType,"?*",pbp_Desc,"*struck out*",pbp_BatTeam,$B9)) | Q9: =IF($B9="","",SUMPRODUCT(COUNTIFS(pbp_PlayType,EM_Type,pbp_BatTeam,$B9)*EM_SF)) | R9: =IF($B9="","",SUMPRODUCT(COUNTIFS(pbp_PlayType,EM_Type,pbp_BatTeam,$B9)*EM_SH)) | S9: =IF($B9="","",SUMPRODUCT(COUNTIFS(pbp_PlayType,EM_Type,pbp_BatTeam,$B9)*EM_DP)) | T9: =IF($B9="","",SUMIFS(pbp_SB,pbp_BatTeam,$B9)) | U9: =IF($B9="","",SUMIFS(pbp_CS,pbp_BatTeam,$B9)) | V9: =IF($B9="","",IF((E9)=0,"",(G9)/(E9))) | W9: =IF($B9="","",IF(((E9+M9+O9+Q9))=0,"",((G9+M9+O9))/((E9+M9+O9+Q9)))) | X9: =IF($B9="","",IF((E9)=0,"",(L9)/(E9))) | Y9: =IF($B9="","",IF(E9=0,"",W9+X9)) | Z9: =IF($B9="","",IF(E9=0,"",X9-V9)) | AA9: =IF($B9="","",IF(((E9-P9-K9+Q9))=0,"",((G9-K9))/((E9-P9-K9+Q9)))) | AB9: =IF($B9="","",IF((D9)=0,"",(P9)/(D9))) | AC9: =IF($B9="","",IF((D9)=0,"",(M9)/(D9))) | AD9: =IF($B9="","",IF((P9)=0,"",(M9)/(P9))) | AE9: =IF($B9="","",IF((D9)=0,"",(SUMIFS(pbp_Pitches,pbp_BatTeam,$B9,pbp_PlayType,"?*"))/(D9))) | AF9: =IF($B9="","",IF(((T9+U9))=0,"",(T9)/((T9+U9))))
B10: {=IFERROR(INDEX(pbp_BatTeam,MATCH(0,COUNTIF($B$5:B9,pbp_BatTeam),0)),"")} | C10: =IF($B10="","",SUMPRODUCT((pbp_BatTeam=$B10)*(LEN(pbp_Inning)=2)*(LEFT(pbp_Inning,1)="1")*(((pbp_Inning<>pbp_InningPrev)+(pbp_GameID<>pbp_GameIDPrev))>0))) | D10: =IF($B10="","",SUMPRODUCT(COUNTIFS(pbp_PlayType,EM_Type,pbp_BatTeam,$B10)*EM_PA)) | E10: =IF($B10="","",SUMPRODUCT(COUNTIFS(pbp_PlayType,EM_Type,pbp_BatTeam,$B10)*EM_AB)) | F10: =IF($B10="","",SUMIFS(pbp_Runs,pbp_BatTeam,$B10)) | G10: =IF($B10="","",SUMPRODUCT(COUNTIFS(pbp_PlayType,EM_Type,pbp_BatTeam,$B10)*EM_H)) | H10: =IF($B10="","",SUMPRODUCT(COUNTIFS(pbp_PlayType,EM_Type,pbp_BatTeam,$B10)*EM_1B)) | I10: =IF($B10="","",SUMPRODUCT(COUNTIFS(pbp_PlayType,EM_Type,pbp_BatTeam,$B10)*EM_2B)) | J10: =IF($B10="","",SUMPRODUCT(COUNTIFS(pbp_PlayType,EM_Type,pbp_BatTeam,$B10)*EM_3B)) | K10: =IF($B10="","",SUMPRODUCT(COUNTIFS(pbp_PlayType,EM_Type,pbp_BatTeam,$B10)*EM_HR)) | L10: =IF($B10="","",H10+2*I10+3*J10+4*K10) | M10: =IF($B10="","",SUMPRODUCT(COUNTIFS(pbp_PlayType,EM_Type,pbp_BatTeam,$B10)*EM_BB)) | N10: =IF($B10="","",SUMPRODUCT(COUNTIFS(pbp_PlayType,EM_Type,pbp_BatTeam,$B10)*EM_IBB)) | O10: =IF($B10="","",SUMPRODUCT(COUNTIFS(pbp_PlayType,EM_Type,pbp_BatTeam,$B10)*EM_HBP)) | P10: =IF($B10="","",COUNTIFS(pbp_PlayType,"?*",pbp_Desc,"*struck out*",pbp_BatTeam,$B10)) | Q10: =IF($B10="","",SUMPRODUCT(COUNTIFS(pbp_PlayType,EM_Type,pbp_BatTeam,$B10)*EM_SF)) | R10: =IF($B10="","",SUMPRODUCT(COUNTIFS(pbp_PlayType,EM_Type,pbp_BatTeam,$B10)*EM_SH)) | S10: =IF($B10="","",SUMPRODUCT(COUNTIFS(pbp_PlayType,EM_Type,pbp_BatTeam,$B10)*EM_DP)) | T10: =IF($B10="","",SUMIFS(pbp_SB,pbp_BatTeam,$B10)) | U10: =IF($B10="","",SUMIFS(pbp_CS,pbp_BatTeam,$B10)) | V10: =IF($B10="","",IF((E10)=0,"",(G10)/(E10))) | W10: =IF($B10="","",IF(((E10+M10+O10+Q10))=0,"",((G10+M10+O10))/((E10+M10+O10+Q10)))) | X10: =IF($B10="","",IF((E10)=0,"",(L10)/(E10))) | Y10: =IF($B10="","",IF(E10=0,"",W10+X10)) | Z10: =IF($B10="","",IF(E10=0,"",X10-V10)) | AA10: =IF($B10="","",IF(((E10-P10-K10+Q10))=0,"",((G10-K10))/((E10-P10-K10+Q10)))) | AB10: =IF($B10="","",IF((D10)=0,"",(P10)/(D10))) | AC10: =IF($B10="","",IF((D10)=0,"",(M10)/(D10))) | AD10: =IF($B10="","",IF((P10)=0,"",(M10)/(P10))) | AE10: =IF($B10="","",IF((D10)=0,"",(SUMIFS(pbp_Pitches,pbp_BatTeam,$B10,pbp_PlayType,"?*"))/(D10))) | AF10: =IF($B10="","",IF(((T10+U10))=0,"",(T10)/((T10+U10))))
B11: {=IFERROR(INDEX(pbp_BatTeam,MATCH(0,COUNTIF($B$5:B10,pbp_BatTeam),0)),"")} | C11: =IF($B11="","",SUMPRODUCT((pbp_BatTeam=$B11)*(LEN(pbp_Inning)=2)*(LEFT(pbp_Inning,1)="1")*(((pbp_Inning<>pbp_InningPrev)+(pbp_GameID<>pbp_GameIDPrev))>0))) | D11: =IF($B11="","",SUMPRODUCT(COUNTIFS(pbp_PlayType,EM_Type,pbp_BatTeam,$B11)*EM_PA)) | E11: =IF($B11="","",SUMPRODUCT(COUNTIFS(pbp_PlayType,EM_Type,pbp_BatTeam,$B11)*EM_AB)) | F11: =IF($B11="","",SUMIFS(pbp_Runs,pbp_BatTeam,$B11)) | G11: =IF($B11="","",SUMPRODUCT(COUNTIFS(pbp_PlayType,EM_Type,pbp_BatTeam,$B11)*EM_H)) | H11: =IF($B11="","",SUMPRODUCT(COUNTIFS(pbp_PlayType,EM_Type,pbp_BatTeam,$B11)*EM_1B)) | I11: =IF($B11="","",SUMPRODUCT(COUNTIFS(pbp_PlayType,EM_Type,pbp_BatTeam,$B11)*EM_2B)) | J11: =IF($B11="","",SUMPRODUCT(COUNTIFS(pbp_PlayType,EM_Type,pbp_BatTeam,$B11)*EM_3B)) | K11: =IF($B11="","",SUMPRODUCT(COUNTIFS(pbp_PlayType,EM_Type,pbp_BatTeam,$B11)*EM_HR)) | L11: =IF($B11="","",H11+2*I11+3*J11+4*K11) | M11: =IF($B11="","",SUMPRODUCT(COUNTIFS(pbp_PlayType,EM_Type,pbp_BatTeam,$B11)*EM_BB)) | N11: =IF($B11="","",SUMPRODUCT(COUNTIFS(pbp_PlayType,EM_Type,pbp_BatTeam,$B11)*EM_IBB)) | O11: =IF($B11="","",SUMPRODUCT(COUNTIFS(pbp_PlayType,EM_Type,pbp_BatTeam,$B11)*EM_HBP)) | P11: =IF($B11="","",COUNTIFS(pbp_PlayType,"?*",pbp_Desc,"*struck out*",pbp_BatTeam,$B11)) | Q11: =IF($B11="","",SUMPRODUCT(COUNTIFS(pbp_PlayType,EM_Type,pbp_BatTeam,$B11)*EM_SF)) | R11: =IF($B11="","",SUMPRODUCT(COUNTIFS(pbp_PlayType,EM_Type,pbp_BatTeam,$B11)*EM_SH)) | S11: =IF($B11="","",SUMPRODUCT(COUNTIFS(pbp_PlayType,EM_Type,pbp_BatTeam,$B11)*EM_DP)) | T11: =IF($B11="","",SUMIFS(pbp_SB,pbp_BatTeam,$B11)) | U11: =IF($B11="","",SUMIFS(pbp_CS,pbp_BatTeam,$B11)) | V11: =IF($B11="","",IF((E11)=0,"",(G11)/(E11))) | W11: =IF($B11="","",IF(((E11+M11+O11+Q11))=0,"",((G11+M11+O11))/((E11+M11+O11+Q11)))) | X11: =IF($B11="","",IF((E11)=0,"",(L11)/(E11))) | Y11: =IF($B11="","",IF(E11=0,"",W11+X11)) | Z11: =IF($B11="","",IF(E11=0,"",X11-V11)) | AA11: =IF($B11="","",IF(((E11-P11-K11+Q11))=0,"",((G11-K11))/((E11-P11-K11+Q11)))) | AB11: =IF($B11="","",IF((D11)=0,"",(P11)/(D11))) | AC11: =IF($B11="","",IF((D11)=0,"",(M11)/(D11))) | AD11: =IF($B11="","",IF((P11)=0,"",(M11)/(P11))) | AE11: =IF($B11="","",IF((D11)=0,"",(SUMIFS(pbp_Pitches,pbp_BatTeam,$B11,pbp_PlayType,"?*"))/(D11))) | AF11: =IF($B11="","",IF(((T11+U11))=0,"",(T11)/((T11+U11))))
B12: {=IFERROR(INDEX(pbp_BatTeam,MATCH(0,COUNTIF($B$5:B11,pbp_BatTeam),0)),"")} | C12: =IF($B12="","",SUMPRODUCT((pbp_BatTeam=$B12)*(LEN(pbp_Inning)=2)*(LEFT(pbp_Inning,1)="1")*(((pbp_Inning<>pbp_InningPrev)+(pbp_GameID<>pbp_GameIDPrev))>0))) | D12: =IF($B12="","",SUMPRODUCT(COUNTIFS(pbp_PlayType,EM_Type,pbp_BatTeam,$B12)*EM_PA)) | E12: =IF($B12="","",SUMPRODUCT(COUNTIFS(pbp_PlayType,EM_Type,pbp_BatTeam,$B12)*EM_AB)) | F12: =IF($B12="","",SUMIFS(pbp_Runs,pbp_BatTeam,$B12)) | G12: =IF($B12="","",SUMPRODUCT(COUNTIFS(pbp_PlayType,EM_Type,pbp_BatTeam,$B12)*EM_H)) | H12: =IF($B12="","",SUMPRODUCT(COUNTIFS(pbp_PlayType,EM_Type,pbp_BatTeam,$B12)*EM_1B)) | I12: =IF($B12="","",SUMPRODUCT(COUNTIFS(pbp_PlayType,EM_Type,pbp_BatTeam,$B12)*EM_2B)) | J12: =IF($B12="","",SUMPRODUCT(COUNTIFS(pbp_PlayType,EM_Type,pbp_BatTeam,$B12)*EM_3B)) | K12: =IF($B12="","",SUMPRODUCT(COUNTIFS(pbp_PlayType,EM_Type,pbp_BatTeam,$B12)*EM_HR)) | L12: =IF($B12="","",H12+2*I12+3*J12+4*K12) | M12: =IF($B12="","",SUMPRODUCT(COUNTIFS(pbp_PlayType,EM_Type,pbp_BatTeam,$B12)*EM_BB)) | N12: =IF($B12="","",SUMPRODUCT(COUNTIFS(pbp_PlayType,EM_Type,pbp_BatTeam,$B12)*EM_IBB)) | O12: =IF($B12="","",SUMPRODUCT(COUNTIFS(pbp_PlayType,EM_Type,pbp_BatTeam,$B12)*EM_HBP)) | P12: =IF($B12="","",COUNTIFS(pbp_PlayType,"?*",pbp_Desc,"*struck out*",pbp_BatTeam,$B12)) | Q12: =IF($B12="","",SUMPRODUCT(COUNTIFS(pbp_PlayType,EM_Type,pbp_BatTeam,$B12)*EM_SF)) | R12: =IF($B12="","",SUMPRODUCT(COUNTIFS(pbp_PlayType,EM_Type,pbp_BatTeam,$B12)*EM_SH)) | S12: =IF($B12="","",SUMPRODUCT(COUNTIFS(pbp_PlayType,EM_Type,pbp_BatTeam,$B12)*EM_DP)) | T12: =IF($B12="","",SUMIFS(pbp_SB,pbp_BatTeam,$B12)) | U12: =IF($B12="","",SUMIFS(pbp_CS,pbp_BatTeam,$B12)) | V12: =IF($B12="","",IF((E12)=0,"",(G12)/(E12))) | W12: =IF($B12="","",IF(((E12+M12+O12+Q12))=0,"",((G12+M12+O12))/((E12+M12+O12+Q12)))) | X12: =IF($B12="","",IF((E12)=0,"",(L12)/(E12))) | Y12: =IF($B12="","",IF(E12=0,"",W12+X12)) | Z12: =IF($B12="","",IF(E12=0,"",X12-V12)) | AA12: =IF($B12="","",IF(((E12-P12-K12+Q12))=0,"",((G12-K12))/((E12-P12-K12+Q12)))) | AB12: =IF($B12="","",IF((D12)=0,"",(P12)/(D12))) | AC12: =IF($B12="","",IF((D12)=0,"",(M12)/(D12))) | AD12: =IF($B12="","",IF((P12)=0,"",(M12)/(P12))) | AE12: =IF($B12="","",IF((D12)=0,"",(SUMIFS(pbp_Pitches,pbp_BatTeam,$B12,pbp_PlayType,"?*"))/(D12))) | AF12: =IF($B12="","",IF(((T12+U12))=0,"",(T12)/((T12+U12))))
B13: {=IFERROR(INDEX(pbp_BatTeam,MATCH(0,COUNTIF($B$5:B12,pbp_BatTeam),0)),"")} | C13: =IF($B13="","",SUMPRODUCT((pbp_BatTeam=$B13)*(LEN(pbp_Inning)=2)*(LEFT(pbp_Inning,1)="1")*(((pbp_Inning<>pbp_InningPrev)+(pbp_GameID<>pbp_GameIDPrev))>0))) | D13: =IF($B13="","",SUMPRODUCT(COUNTIFS(pbp_PlayType,EM_Type,pbp_BatTeam,$B13)*EM_PA)) | E13: =IF($B13="","",SUMPRODUCT(COUNTIFS(pbp_PlayType,EM_Type,pbp_BatTeam,$B13)*EM_AB)) | F13: =IF($B13="","",SUMIFS(pbp_Runs,pbp_BatTeam,$B13)) | G13: =IF($B13="","",SUMPRODUCT(COUNTIFS(pbp_PlayType,EM_Type,pbp_BatTeam,$B13)*EM_H)) | H13: =IF($B13="","",SUMPRODUCT(COUNTIFS(pbp_PlayType,EM_Type,pbp_BatTeam,$B13)*EM_1B)) | I13: =IF($B13="","",SUMPRODUCT(COUNTIFS(pbp_PlayType,EM_Type,pbp_BatTeam,$B13)*EM_2B)) | J13: =IF($B13="","",SUMPRODUCT(COUNTIFS(pbp_PlayType,EM_Type,pbp_BatTeam,$B13)*EM_3B)) | K13: =IF($B13="","",SUMPRODUCT(COUNTIFS(pbp_PlayType,EM_Type,pbp_BatTeam,$B13)*EM_HR)) | L13: =IF($B13="","",H13+2*I13+3*J13+4*K13) | M13: =IF($B13="","",SUMPRODUCT(COUNTIFS(pbp_PlayType,EM_Type,pbp_BatTeam,$B13)*EM_BB)) | N13: =IF($B13="","",SUMPRODUCT(COUNTIFS(pbp_PlayType,EM_Type,pbp_BatTeam,$B13)*EM_IBB)) | O13: =IF($B13="","",SUMPRODUCT(COUNTIFS(pbp_PlayType,EM_Type,pbp_BatTeam,$B13)*EM_HBP)) | P13: =IF($B13="","",COUNTIFS(pbp_PlayType,"?*",pbp_Desc,"*struck out*",pbp_BatTeam,$B13)) | Q13: =IF($B13="","",SUMPRODUCT(COUNTIFS(pbp_PlayType,EM_Type,pbp_BatTeam,$B13)*EM_SF)) | R13: =IF($B13="","",SUMPRODUCT(COUNTIFS(pbp_PlayType,EM_Type,pbp_BatTeam,$B13)*EM_SH)) | S13: =IF($B13="","",SUMPRODUCT(COUNTIFS(pbp_PlayType,EM_Type,pbp_BatTeam,$B13)*EM_DP)) | T13: =IF($B13="","",SUMIFS(pbp_SB,pbp_BatTeam,$B13)) | U13: =IF($B13="","",SUMIFS(pbp_CS,pbp_BatTeam,$B13)) | V13: =IF($B13="","",IF((E13)=0,"",(G13)/(E13))) | W13: =IF($B13="","",IF(((E13+M13+O13+Q13))=0,"",((G13+M13+O13))/((E13+M13+O13+Q13)))) | X13: =IF($B13="","",IF((E13)=0,"",(L13)/(E13))) | Y13: =IF($B13="","",IF(E13=0,"",W13+X13)) | Z13: =IF($B13="","",IF(E13=0,"",X13-V13)) | AA13: =IF($B13="","",IF(((E13-P13-K13+Q13))=0,"",((G13-K13))/((E13-P13-K13+Q13)))) | AB13: =IF($B13="","",IF((D13)=0,"",(P13)/(D13))) | AC13: =IF($B13="","",IF((D13)=0,"",(M13)/(D13))) | AD13: =IF($B13="","",IF((P13)=0,"",(M13)/(P13))) | AE13: =IF($B13="","",IF((D13)=0,"",(SUMIFS(pbp_Pitches,pbp_BatTeam,$B13,pbp_PlayType,"?*"))/(D13))) | AF13: =IF($B13="","",IF(((T13+U13))=0,"",(T13)/((T13+U13))))
B14: {=IFERROR(INDEX(pbp_BatTeam,MATCH(0,COUNTIF($B$5:B13,pbp_BatTeam),0)),"")} | C14: =IF($B14="","",SUMPRODUCT((pbp_BatTeam=$B14)*(LEN(pbp_Inning)=2)*(LEFT(pbp_Inning,1)="1")*(((pbp_Inning<>pbp_InningPrev)+(pbp_GameID<>pbp_GameIDPrev))>0))) | D14: =IF($B14="","",SUMPRODUCT(COUNTIFS(pbp_PlayType,EM_Type,pbp_BatTeam,$B14)*EM_PA)) | E14: =IF($B14="","",SUMPRODUCT(COUNTIFS(pbp_PlayType,EM_Type,pbp_BatTeam,$B14)*EM_AB)) | F14: =IF($B14="","",SUMIFS(pbp_Runs,pbp_BatTeam,$B14)) | G14: =IF($B14="","",SUMPRODUCT(COUNTIFS(pbp_PlayType,EM_Type,pbp_BatTeam,$B14)*EM_H)) | H14: =IF($B14="","",SUMPRODUCT(COUNTIFS(pbp_PlayType,EM_Type,pbp_BatTeam,$B14)*EM_1B)) | I14: =IF($B14="","",SUMPRODUCT(COUNTIFS(pbp_PlayType,EM_Type,pbp_BatTeam,$B14)*EM_2B)) | J14: =IF($B14="","",SUMPRODUCT(COUNTIFS(pbp_PlayType,EM_Type,pbp_BatTeam,$B14)*EM_3B)) | K14: =IF($B14="","",SUMPRODUCT(COUNTIFS(pbp_PlayType,EM_Type,pbp_BatTeam,$B14)*EM_HR)) | L14: =IF($B14="","",H14+2*I14+3*J14+4*K14) | M14: =IF($B14="","",SUMPRODUCT(COUNTIFS(pbp_PlayType,EM_Type,pbp_BatTeam,$B14)*EM_BB)) | N14: =IF($B14="","",SUMPRODUCT(COUNTIFS(pbp_PlayType,EM_Type,pbp_BatTeam,$B14)*EM_IBB)) | O14: =IF($B14="","",SUMPRODUCT(COUNTIFS(pbp_PlayType,EM_Type,pbp_BatTeam,$B14)*EM_HBP)) | P14: =IF($B14="","",COUNTIFS(pbp_PlayType,"?*",pbp_Desc,"*struck out*",pbp_BatTeam,$B14)) | Q14: =IF($B14="","",SUMPRODUCT(COUNTIFS(pbp_PlayType,EM_Type,pbp_BatTeam,$B14)*EM_SF)) | R14: =IF($B14="","",SUMPRODUCT(COUNTIFS(pbp_PlayType,EM_Type,pbp_BatTeam,$B14)*EM_SH)) | S14: =IF($B14="","",SUMPRODUCT(COUNTIFS(pbp_PlayType,EM_Type,pbp_BatTeam,$B14)*EM_DP)) | T14: =IF($B14="","",SUMIFS(pbp_SB,pbp_BatTeam,$B14)) | U14: =IF($B14="","",SUMIFS(pbp_CS,pbp_BatTeam,$B14)) | V14: =IF($B14="","",IF((E14)=0,"",(G14)/(E14))) | W14: =IF($B14="","",IF(((E14+M14+O14+Q14))=0,"",((G14+M14+O14))/((E14+M14+O14+Q14)))) | X14: =IF($B14="","",IF((E14)=0,"",(L14)/(E14))) | Y14: =IF($B14="","",IF(E14=0,"",W14+X14)) | Z14: =IF($B14="","",IF(E14=0,"",X14-V14)) | AA14: =IF($B14="","",IF(((E14-P14-K14+Q14))=0,"",((G14-K14))/((E14-P14-K14+Q14)))) | AB14: =IF($B14="","",IF((D14)=0,"",(P14)/(D14))) | AC14: =IF($B14="","",IF((D14)=0,"",(M14)/(D14))) | AD14: =IF($B14="","",IF((P14)=0,"",(M14)/(P14))) | AE14: =IF($B14="","",IF((D14)=0,"",(SUMIFS(pbp_Pitches,pbp_BatTeam,$B14,pbp_PlayType,"?*"))/(D14))) | AF14: =IF($B14="","",IF(((T14+U14))=0,"",(T14)/((T14+U14))))
B15: {=IFERROR(INDEX(pbp_BatTeam,MATCH(0,COUNTIF($B$5:B14,pbp_BatTeam),0)),"")} | C15: =IF($B15="","",SUMPRODUCT((pbp_BatTeam=$B15)*(LEN(pbp_Inning)=2)*(LEFT(pbp_Inning,1)="1")*(((pbp_Inning<>pbp_InningPrev)+(pbp_GameID<>pbp_GameIDPrev))>0))) | D15: =IF($B15="","",SUMPRODUCT(COUNTIFS(pbp_PlayType,EM_Type,pbp_BatTeam,$B15)*EM_PA)) | E15: =IF($B15="","",SUMPRODUCT(COUNTIFS(pbp_PlayType,EM_Type,pbp_BatTeam,$B15)*EM_AB)) | F15: =IF($B15="","",SUMIFS(pbp_Runs,pbp_BatTeam,$B15)) | G15: =IF($B15="","",SUMPRODUCT(COUNTIFS(pbp_PlayType,EM_Type,pbp_BatTeam,$B15)*EM_H)) | H15: =IF($B15="","",SUMPRODUCT(COUNTIFS(pbp_PlayType,EM_Type,pbp_BatTeam,$B15)*EM_1B)) | I15: =IF($B15="","",SUMPRODUCT(COUNTIFS(pbp_PlayType,EM_Type,pbp_BatTeam,$B15)*EM_2B)) | J15: =IF($B15="","",SUMPRODUCT(COUNTIFS(pbp_PlayType,EM_Type,pbp_BatTeam,$B15)*EM_3B)) | K15: =IF($B15="","",SUMPRODUCT(COUNTIFS(pbp_PlayType,EM_Type,pbp_BatTeam,$B15)*EM_HR)) | L15: =IF($B15="","",H15+2*I15+3*J15+4*K15) | M15: =IF($B15="","",SUMPRODUCT(COUNTIFS(pbp_PlayType,EM_Type,pbp_BatTeam,$B15)*EM_BB)) | N15: =IF($B15="","",SUMPRODUCT(COUNTIFS(pbp_PlayType,EM_Type,pbp_BatTeam,$B15)*EM_IBB)) | O15: =IF($B15="","",SUMPRODUCT(COUNTIFS(pbp_PlayType,EM_Type,pbp_BatTeam,$B15)*EM_HBP)) | P15: =IF($B15="","",COUNTIFS(pbp_PlayType,"?*",pbp_Desc,"*struck out*",pbp_BatTeam,$B15)) | Q15: =IF($B15="","",SUMPRODUCT(COUNTIFS(pbp_PlayType,EM_Type,pbp_BatTeam,$B15)*EM_SF)) | R15: =IF($B15="","",SUMPRODUCT(COUNTIFS(pbp_PlayType,EM_Type,pbp_BatTeam,$B15)*EM_SH)) | S15: =IF($B15="","",SUMPRODUCT(COUNTIFS(pbp_PlayType,EM_Type,pbp_BatTeam,$B15)*EM_DP)) | T15: =IF($B15="","",SUMIFS(pbp_SB,pbp_BatTeam,$B15)) | U15: =IF($B15="","",SUMIFS(pbp_CS,pbp_BatTeam,$B15)) | V15: =IF($B15="","",IF((E15)=0,"",(G15)/(E15))) | W15: =IF($B15="","",IF(((E15+M15+O15+Q15))=0,"",((G15+M15+O15))/((E15+M15+O15+Q15)))) | X15: =IF($B15="","",IF((E15)=0,"",(L15)/(E15))) | Y15: =IF($B15="","",IF(E15=0,"",W15+X15)) | Z15: =IF($B15="","",IF(E15=0,"",X15-V15)) | AA15: =IF($B15="","",IF(((E15-P15-K15+Q15))=0,"",((G15-K15))/((E15-P15-K15+Q15)))) | AB15: =IF($B15="","",IF((D15)=0,"",(P15)/(D15))) | AC15: =IF($B15="","",IF((D15)=0,"",(M15)/(D15))) | AD15: =IF($B15="","",IF((P15)=0,"",(M15)/(P15))) | AE15: =IF($B15="","",IF((D15)=0,"",(SUMIFS(pbp_Pitches,pbp_BatTeam,$B15,pbp_PlayType,"?*"))/(D15))) | AF15: =IF($B15="","",IF(((T15+U15))=0,"",(T15)/((T15+U15))))
B16: {=IFERROR(INDEX(pbp_BatTeam,MATCH(0,COUNTIF($B$5:B15,pbp_BatTeam),0)),"")} | C16: =IF($B16="","",SUMPRODUCT((pbp_BatTeam=$B16)*(LEN(pbp_Inning)=2)*(LEFT(pbp_Inning,1)="1")*(((pbp_Inning<>pbp_InningPrev)+(pbp_GameID<>pbp_GameIDPrev))>0))) | D16: =IF($B16="","",SUMPRODUCT(COUNTIFS(pbp_PlayType,EM_Type,pbp_BatTeam,$B16)*EM_PA)) | E16: =IF($B16="","",SUMPRODUCT(COUNTIFS(pbp_PlayType,EM_Type,pbp_BatTeam,$B16)*EM_AB)) | F16: =IF($B16="","",SUMIFS(pbp_Runs,pbp_BatTeam,$B16)) | G16: =IF($B16="","",SUMPRODUCT(COUNTIFS(pbp_PlayType,EM_Type,pbp_BatTeam,$B16)*EM_H)) | H16: =IF($B16="","",SUMPRODUCT(COUNTIFS(pbp_PlayType,EM_Type,pbp_BatTeam,$B16)*EM_1B)) | I16: =IF($B16="","",SUMPRODUCT(COUNTIFS(pbp_PlayType,EM_Type,pbp_BatTeam,$B16)*EM_2B)) | J16: =IF($B16="","",SUMPRODUCT(COUNTIFS(pbp_PlayType,EM_Type,pbp_BatTeam,$B16)*EM_3B)) | K16: =IF($B16="","",SUMPRODUCT(COUNTIFS(pbp_PlayType,EM_Type,pbp_BatTeam,$B16)*EM_HR)) | L16: =IF($B16="","",H16+2*I16+3*J16+4*K16) | M16: =IF($B16="","",SUMPRODUCT(COUNTIFS(pbp_PlayType,EM_Type,pbp_BatTeam,$B16)*EM_BB)) | N16: =IF($B16="","",SUMPRODUCT(COUNTIFS(pbp_PlayType,EM_Type,pbp_BatTeam,$B16)*EM_IBB)) | O16: =IF($B16="","",SUMPRODUCT(COUNTIFS(pbp_PlayType,EM_Type,pbp_BatTeam,$B16)*EM_HBP)) | P16: =IF($B16="","",COUNTIFS(pbp_PlayType,"?*",pbp_Desc,"*struck out*",pbp_BatTeam,$B16)) | Q16: =IF($B16="","",SUMPRODUCT(COUNTIFS(pbp_PlayType,EM_Type,pbp_BatTeam,$B16)*EM_SF)) | R16: =IF($B16="","",SUMPRODUCT(COUNTIFS(pbp_PlayType,EM_Type,pbp_BatTeam,$B16)*EM_SH)) | S16: =IF($B16="","",SUMPRODUCT(COUNTIFS(pbp_PlayType,EM_Type,pbp_BatTeam,$B16)*EM_DP)) | T16: =IF($B16="","",SUMIFS(pbp_SB,pbp_BatTeam,$B16)) | U16: =IF($B16="","",SUMIFS(pbp_CS,pbp_BatTeam,$B16)) | V16: =IF($B16="","",IF((E16)=0,"",(G16)/(E16))) | W16: =IF($B16="","",IF(((E16+M16+O16+Q16))=0,"",((G16+M16+O16))/((E16+M16+O16+Q16)))) | X16: =IF($B16="","",IF((E16)=0,"",(L16)/(E16))) | Y16: =IF($B16="","",IF(E16=0,"",W16+X16)) | Z16: =IF($B16="","",IF(E16=0,"",X16-V16)) | AA16: =IF($B16="","",IF(((E16-P16-K16+Q16))=0,"",((G16-K16))/((E16-P16-K16+Q16)))) | AB16: =IF($B16="","",IF((D16)=0,"",(P16)/(D16))) | AC16: =IF($B16="","",IF((D16)=0,"",(M16)/(D16))) | AD16: =IF($B16="","",IF((P16)=0,"",(M16)/(P16))) | AE16: =IF($B16="","",IF((D16)=0,"",(SUMIFS(pbp_Pitches,pbp_BatTeam,$B16,pbp_PlayType,"?*"))/(D16))) | AF16: =IF($B16="","",IF(((T16+U16))=0,"",(T16)/((T16+U16))))
B17: {=IFERROR(INDEX(pbp_BatTeam,MATCH(0,COUNTIF($B$5:B16,pbp_BatTeam),0)),"")} | C17: =IF($B17="","",SUMPRODUCT((pbp_BatTeam=$B17)*(LEN(pbp_Inning)=2)*(LEFT(pbp_Inning,1)="1")*(((pbp_Inning<>pbp_InningPrev)+(pbp_GameID<>pbp_GameIDPrev))>0))) | D17: =IF($B17="","",SUMPRODUCT(COUNTIFS(pbp_PlayType,EM_Type,pbp_BatTeam,$B17)*EM_PA)) | E17: =IF($B17="","",SUMPRODUCT(COUNTIFS(pbp_PlayType,EM_Type,pbp_BatTeam,$B17)*EM_AB)) | F17: =IF($B17="","",SUMIFS(pbp_Runs,pbp_BatTeam,$B17)) | G17: =IF($B17="","",SUMPRODUCT(COUNTIFS(pbp_PlayType,EM_Type,pbp_BatTeam,$B17)*EM_H)) | H17: =IF($B17="","",SUMPRODUCT(COUNTIFS(pbp_PlayType,EM_Type,pbp_BatTeam,$B17)*EM_1B)) | I17: =IF($B17="","",SUMPRODUCT(COUNTIFS(pbp_PlayType,EM_Type,pbp_BatTeam,$B17)*EM_2B)) | J17: =IF($B17="","",SUMPRODUCT(COUNTIFS(pbp_PlayType,EM_Type,pbp_BatTeam,$B17)*EM_3B)) | K17: =IF($B17="","",SUMPRODUCT(COUNTIFS(pbp_PlayType,EM_Type,pbp_BatTeam,$B17)*EM_HR)) | L17: =IF($B17="","",H17+2*I17+3*J17+4*K17) | M17: =IF($B17="","",SUMPRODUCT(COUNTIFS(pbp_PlayType,EM_Type,pbp_BatTeam,$B17)*EM_BB)) | N17: =IF($B17="","",SUMPRODUCT(COUNTIFS(pbp_PlayType,EM_Type,pbp_BatTeam,$B17)*EM_IBB)) | O17: =IF($B17="","",SUMPRODUCT(COUNTIFS(pbp_PlayType,EM_Type,pbp_BatTeam,$B17)*EM_HBP)) | P17: =IF($B17="","",COUNTIFS(pbp_PlayType,"?*",pbp_Desc,"*struck out*",pbp_BatTeam,$B17)) | Q17: =IF($B17="","",SUMPRODUCT(COUNTIFS(pbp_PlayType,EM_Type,pbp_BatTeam,$B17)*EM_SF)) | R17: =IF($B17="","",SUMPRODUCT(COUNTIFS(pbp_PlayType,EM_Type,pbp_BatTeam,$B17)*EM_SH)) | S17: =IF($B17="","",SUMPRODUCT(COUNTIFS(pbp_PlayType,EM_Type,pbp_BatTeam,$B17)*EM_DP)) | T17: =IF($B17="","",SUMIFS(pbp_SB,pbp_BatTeam,$B17)) | U17: =IF($B17="","",SUMIFS(pbp_CS,pbp_BatTeam,$B17)) | V17: =IF($B17="","",IF((E17)=0,"",(G17)/(E17))) | W17: =IF($B17="","",IF(((E17+M17+O17+Q17))=0,"",((G17+M17+O17))/((E17+M17+O17+Q17)))) | X17: =IF($B17="","",IF((E17)=0,"",(L17)/(E17))) | Y17: =IF($B17="","",IF(E17=0,"",W17+X17)) | Z17: =IF($B17="","",IF(E17=0,"",X17-V17)) | AA17: =IF($B17="","",IF(((E17-P17-K17+Q17))=0,"",((G17-K17))/((E17-P17-K17+Q17)))) | AB17: =IF($B17="","",IF((D17)=0,"",(P17)/(D17))) | AC17: =IF($B17="","",IF((D17)=0,"",(M17)/(D17))) | AD17: =IF($B17="","",IF((P17)=0,"",(M17)/(P17))) | AE17: =IF($B17="","",IF((D17)=0,"",(SUMIFS(pbp_Pitches,pbp_BatTeam,$B17,pbp_PlayType,"?*"))/(D17))) | AF17: =IF($B17="","",IF(((T17+U17))=0,"",(T17)/((T17+U17))))
... B35: {=IFERROR(INDEX(pbp_BatTeam,MATCH(0,COUNTIF($B$5:B34,pbp_BatTeam),0)),"")} | C35: =IF($B35="","",SUMPRODUCT((pbp_BatTeam=$B35)*(LEN(pbp_Inning)=2)*(LEFT(pbp_Inning,1)="1")*(((pbp_Inning<>pbp_InningPrev)+(pbp_GameID<>pbp_GameIDPrev))>0))) | D35: =IF($B35="","",SUMPRODUCT(COUNTIFS(pbp_PlayType,EM_Type,pbp_BatTeam,$B35)*EM_PA)) | E35: =IF($B35="","",SUMPRODUCT(COUNTIFS(pbp_PlayType,EM_Type,pbp_BatTeam,$B35)*EM_AB)) | F35: =IF($B35="","",SUMIFS(pbp_Runs,pbp_BatTeam,$B35)) | G35: =IF($B35="","",SUMPRODUCT(COUNTIFS(pbp_PlayType,EM_Type,pbp_BatTeam,$B35)*EM_H)) | H35: =IF($B35="","",SUMPRODUCT(COUNTIFS(pbp_PlayType,EM_Type,pbp_BatTeam,$B35)*EM_1B)) | I35: =IF($B35="","",SUMPRODUCT(COUNTIFS(pbp_PlayType,EM_Type,pbp_BatTeam,$B35)*EM_2B)) | J35: =IF($B35="","",SUMPRODUCT(COUNTIFS(pbp_PlayType,EM_Type,pbp_BatTeam,$B35)*EM_3B)) | K35: =IF($B35="","",SUMPRODUCT(COUNTIFS(pbp_PlayType,EM_Type,pbp_BatTeam,$B35)*EM_HR)) | L35: =IF($B35="","",H35+2*I35+3*J35+4*K35) | M35: =IF($B35="","",SUMPRODUCT(COUNTIFS(pbp_PlayType,EM_Type,pbp_BatTeam,$B35)*EM_BB)) | N35: =IF($B35="","",SUMPRODUCT(COUNTIFS(pbp_PlayType,EM_Type,pbp_BatTeam,$B35)*EM_IBB)) | O35: =IF($B35="","",SUMPRODUCT(COUNTIFS(pbp_PlayType,EM_Type,pbp_BatTeam,$B35)*EM_HBP)) | P35: =IF($B35="","",COUNTIFS(pbp_PlayType,"?*",pbp_Desc,"*struck out*",pbp_BatTeam,$B35)) | Q35: =IF($B35="","",SUMPRODUCT(COUNTIFS(pbp_PlayType,EM_Type,pbp_BatTeam,$B35)*EM_SF)) | R35: =IF($B35="","",SUMPRODUCT(COUNTIFS(pbp_PlayType,EM_Type,pbp_BatTeam,$B35)*EM_SH)) | S35: =IF($B35="","",SUMPRODUCT(COUNTIFS(pbp_PlayType,EM_Type,pbp_BatTeam,$B35)*EM_DP)) | T35: =IF($B35="","",SUMIFS(pbp_SB,pbp_BatTeam,$B35)) | U35: =IF($B35="","",SUMIFS(pbp_CS,pbp_BatTeam,$B35)) | V35: =IF($B35="","",IF((E35)=0,"",(G35)/(E35))) | W35: =IF($B35="","",IF(((E35+M35+O35+Q35))=0,"",((G35+M35+O35))/((E35+M35+O35+Q35)))) | X35: =IF($B35="","",IF((E35)=0,"",(L35)/(E35))) | Y35: =IF($B35="","",IF(E35=0,"",W35+X35)) | Z35: =IF($B35="","",IF(E35=0,"",X35-V35)) | AA35: =IF($B35="","",IF(((E35-P35-K35+Q35))=0,"",((G35-K35))/((E35-P35-K35+Q35)))) | AB35: =IF($B35="","",IF((D35)=0,"",(P35)/(D35))) | AC35: =IF($B35="","",IF((D35)=0,"",(M35)/(D35))) | AD35: =IF($B35="","",IF((P35)=0,"",(M35)/(P35))) | AE35: =IF($B35="","",IF((D35)=0,"",(SUMIFS(pbp_Pitches,pbp_BatTeam,$B35,pbp_PlayType,"?*"))/(D35))) | AF35: =IF($B35="","",IF(((T35+U35))=0,"",(T35)/((T35+U35))))

Sheet Batter Leaders
B2: Batter Leaderboard
B3: One row per batter, listed automatically in order of first appearance; every stat is a live formula. OPS rank uses the minimum PA on the Lists tab.
B5: Batter | C5: Team | D5: Bats | E5: PA | F5: AB | G5: H | H5: 2B | I5: 3B | J5: HR | K5: 1B | L5: BB | M5: HBP | N5: K | O5: SF | P5: Runs on PA | Q5: AVG | R5: OBP | S5: SLG | T5: OPS | U5: ISO | V5: K% | W5: BB% | X5: Pitches / PA | Y5: XBH | Z5: AVG w/ RISP | AA5: OPS Rank
B6: {=IFERROR(INDEX(pbp_Batter,MATCH(0,COUNTIF($B$5:B5,pbp_Batter)+(pbp_Batter=""),0)),"")} -> Shohei Ohtani | C6: =IF($B6="","",IFERROR(INDEX(pbp_BatTeam,MATCH($B6,pbp_Batter,0)),"")) -> Los Angeles Dodgers | D6: =IF($B6="","",IFERROR(INDEX(pbp_BatHand,MATCH($B6,pbp_Batter,0)),"")) -> L | E6: =IF($B6="","",SUMPRODUCT(COUNTIFS(pbp_PlayType,EM_Type,pbp_Batter,$B6)*EM_PA)) -> 6 | F6: =IF($B6="","",SUMPRODUCT(COUNTIFS(pbp_PlayType,EM_Type,pbp_Batter,$B6)*EM_AB)) -> 5 | G6: =IF($B6="","",SUMPRODUCT(COUNTIFS(pbp_PlayType,EM_Type,pbp_Batter,$B6)*EM_H)) -> 2 | H6: =IF($B6="","",SUMPRODUCT(COUNTIFS(pbp_PlayType,EM_Type,pbp_Batter,$B6)*EM_2B)) -> 0 | I6: =IF($B6="","",SUMPRODUCT(COUNTIFS(pbp_PlayType,EM_Type,pbp_Batter,$B6)*EM_3B)) -> 0 | J6: =IF($B6="","",SUMPRODUCT(COUNTIFS(pbp_PlayType,EM_Type,pbp_Batter,$B6)*EM_HR)) -> 0 | K6: =IF($B6="","",SUMPRODUCT(COUNTIFS(pbp_PlayType,EM_Type,pbp_Batter,$B6)*EM_1B)) -> 2 | L6: =IF($B6="","",SUMPRODUCT(COUNTIFS(pbp_PlayType,EM_Type,pbp_Batter,$B6)*EM_BB)) -> 1 | M6: =IF($B6="","",SUMPRODUCT(COUNTIFS(pbp_PlayType,EM_Type,pbp_Batter,$B6)*EM_HBP)) -> 0 | N6: =IF($B6="","",COUNTIFS(pbp_PlayType,"?*",pbp_Desc,"*struck out*",pbp_Batter,$B6)) -> 0 | O6: =IF($B6="","",SUMPRODUCT(COUNTIFS(pbp_PlayType,EM_Type,pbp_Batter,$B6)*EM_SF)) -> 0 | P6: =IF($B6="","",SUMIFS(pbp_Runs,pbp_Batter,$B6)) -> 0 | Q6: =IF($B6="","",IF((F6)=0,"",(G6)/(F6))) -> 0.4 | R6: =IF($B6="","",IF(((F6+L6+M6+O6))=0,"",((G6+L6+M6))/((F6+L6+M6+O6)))) -> 0.5 | S6: =IF($B6="","",IF((F6)=0,"",((K6+2*H6+3*I6+4*J6))/(F6))) -> 0.4 | T6: =IF($B6="","",IF(F6=0,"",R6+S6)) -> 0.9 | U6: =IF($B6="","",IF(F6=0,"",S6-Q6)) -> 0 | V6: =IF($B6="","",IF((E6)=0,"",(N6)/(E6))) -> 0 | W6: =IF($B6="","",IF((E6)=0,"",(L6)/(E6))) -> 0.16666667 | X6: =IF($B6="","",IF((E6)=0,"",(SUMIFS(pbp_Pitches,pbp_Batter,$B6,pbp_PlayType,"?*"))/(E6))) -> 2.5 | Y6: =IF($B6="","",H6+I6+J6) -> 0 | Z6: =IF($B6="","",IF((SUMPRODUCT(COUNTIFS(pbp_PlayType,EM_Type,pbp_Batter,$B6,pbp_On2B,"?*")*EM_AB)+SUMPRODUCT(COUNTIFS(pbp_PlayType,EM_Type,pbp_Batter,$B6,pbp_On2B,"",pbp_On3B,"?*")*EM_AB))=0,"",(SUMPRODUCT(COUNTIFS(pbp_PlayType,EM_Type,pbp_Batter,$B6,pbp_On2B,"?*")*EM_H)+SUMPRODUCT(COUNTIFS(pbp_PlayType,EM_Type,pbp_Batter,$B6,pbp_On2B,"",pbp_On3B,"?*")*EM_H))/(SUMPRODUCT(COUNTIFS(pbp_PlayType,EM_Type,pbp_Batter,$B6,pbp_On2B,"?*")*EM_AB)+SUMPRODUCT(COUNTIFS(pbp_PlayType,EM_Type,pbp_Batter,$B6,pbp_On2B,"",pbp_On3B,"?*")*EM_AB)))) | AA6: =IF($B6="","",IF(OR(E6<MinPA,T6=""),"",COUNTIFS($E$6:$E$255,">="&MinPA,$T$6:$T$255,">"&T6)+COUNTIFS($E$5:E5,">="&MinPA,$T$5:T5,T6)+1)) -> 8
B7: {=IFERROR(INDEX(pbp_Batter,MATCH(0,COUNTIF($B$5:B6,pbp_Batter)+(pbp_Batter=""),0)),"")} -> Will Smith | C7: =IF($B7="","",IFERROR(INDEX(pbp_BatTeam,MATCH($B7,pbp_Batter,0)),"")) -> Los Angeles Dodgers | D7: =IF($B7="","",IFERROR(INDEX(pbp_BatHand,MATCH($B7,pbp_Batter,0)),"")) -> R | E7: =IF($B7="","",SUMPRODUCT(COUNTIFS(pbp_PlayType,EM_Type,pbp_Batter,$B7)*EM_PA)) -> 6 | F7: =IF($B7="","",SUMPRODUCT(COUNTIFS(pbp_PlayType,EM_Type,pbp_Batter,$B7)*EM_AB)) -> 6 | G7: =IF($B7="","",SUMPRODUCT(COUNTIFS(pbp_PlayType,EM_Type,pbp_Batter,$B7)*EM_H)) -> 2 | H7: =IF($B7="","",SUMPRODUCT(COUNTIFS(pbp_PlayType,EM_Type,pbp_Batter,$B7)*EM_2B)) -> 1 | I7: =IF($B7="","",SUMPRODUCT(COUNTIFS(pbp_PlayType,EM_Type,pbp_Batter,$B7)*EM_3B)) -> 0 | J7: =IF($B7="","",SUMPRODUCT(COUNTIFS(pbp_PlayType,EM_Type,pbp_Batter,$B7)*EM_HR)) -> 1 | K7: =IF($B7="","",SUMPRODUCT(COUNTIFS(pbp_PlayType,EM_Type,pbp_Batter,$B7)*EM_1B)) -> 0 | L7: =IF($B7="","",SUMPRODUCT(COUNTIFS(pbp_PlayType,EM_Type,pbp_Batter,$B7)*EM_BB)) -> 0 | M7: =IF($B7="","",SUMPRODUCT(COUNTIFS(pbp_PlayType,EM_Type,pbp_Batter,$B7)*EM_HBP)) -> 0 | N7: =IF($B7="","",COUNTIFS(pbp_PlayType,"?*",pbp_Desc,"*struck out*",pbp_Batter,$B7)) -> 1 | O7: =IF($B7="","",SUMPRODUCT(COUNTIFS(pbp_PlayType,EM_Type,pbp_Batter,$B7)*EM_SF)) -> 0 | P7: =IF($B7="","",SUMIFS(pbp_Runs,pbp_Batter,$B7)) -> 1 | Q7: =IF($B7="","",IF((F7)=0,"",(G7)/(F7))) -> 0.33333333 | R7: =IF($B7="","",IF(((F7+L7+M7+O7))=0,"",((G7+L7+M7))/((F7+L7+M7+O7)))) -> 0.33333333 | S7: =IF($B7="","",IF((F7)=0,"",((K7+2*H7+3*I7+4*J7))/(F7))) -> 1 | T7: =IF($B7="","",IF(F7=0,"",R7+S7)) -> 1.3333333 | U7: =IF($B7="","",IF(F7=0,"",S7-Q7)) -> 0.66666667 | V7: =IF($B7="","",IF((E7)=0,"",(N7)/(E7))) -> 0.16666667 | W7: =IF($B7="","",IF((E7)=0,"",(L7)/(E7))) -> 0 | X7: =IF($B7="","",IF((E7)=0,"",(SUMIFS(pbp_Pitches,pbp_Batter,$B7,pbp_PlayType,"?*"))/(E7))) -> 3.1666667 | Y7: =IF($B7="","",H7+I7+J7) -> 2 | Z7: =IF($B7="","",IF((SUMPRODUCT(COUNTIFS(pbp_PlayType,EM_Type,pbp_Batter,$B7,pbp_On2B,"?*")*EM_AB)+SUMPRODUCT(COUNTIFS(pbp_PlayType,EM_Type,pbp_Batter,$B7,pbp_On2B,"",pbp_On3B,"?*")*EM_AB))=0,"",(SUMPRODUCT(COUNTIFS(pbp_PlayType,EM_Type,pbp_Batter,$B7,pbp_On2B,"?*")*EM_H)+SUMPRODUCT(COUNTIFS(pbp_PlayType,EM_Type,pbp_Batter,$B7,pbp_On2B,"",pbp_On3B,"?*")*EM_H))/(SUMPRODUCT(COUNTIFS(pbp_PlayType,EM_Type,pbp_Batter,$B7,pbp_On2B,"?*")*EM_AB)+SUMPRODUCT(COUNTIFS(pbp_PlayType,EM_Type,pbp_Batter,$B7,pbp_On2B,"",pbp_On3B,"?*")*EM_AB)))) -> 0 | AA7: =IF($B7="","",IF(OR(E7<MinPA,T7=""),"",COUNTIFS($E$6:$E$255,">="&MinPA,$T$6:$T$255,">"&T7)+COUNTIFS($E$5:E6,">="&MinPA,$T$5:T6,T7)+1)) -> 5
B8: {=IFERROR(INDEX(pbp_Batter,MATCH(0,COUNTIF($B$5:B7,pbp_Batter)+(pbp_Batter=""),0)),"")} -> Freddie Freeman | C8: =IF($B8="","",IFERROR(INDEX(pbp_BatTeam,MATCH($B8,pbp_Batter,0)),"")) -> Los Angeles Dodgers | D8: =IF($B8="","",IFERROR(INDEX(pbp_BatHand,MATCH($B8,pbp_Batter,0)),"")) -> L | E8: =IF($B8="","",SUMPRODUCT(COUNTIFS(pbp_PlayType,EM_Type,pbp_Batter,$B8)*EM_PA)) -> 6 | F8: =IF($B8="","",SUMPRODUCT(COUNTIFS(pbp_PlayType,EM_Type,pbp_Batter,$B8)*EM_AB)) -> 6 | G8: =IF($B8="","",SUMPRODUCT(COUNTIFS(pbp_PlayType,EM_Type,pbp_Batter,$B8)*EM_H)) -> 1 | H8: =IF($B8="","",SUMPRODUCT(COUNTIFS(pbp_PlayType,EM_Type,pbp_Batter,$B8)*EM_2B)) -> 0 | I8: =IF($B8="","",SUMPRODUCT(COUNTIFS(pbp_PlayType,EM_Type,pbp_Batter,$B8)*EM_3B)) -> 0 | J8: =IF($B8="","",SUMPRODUCT(COUNTIFS(pbp_PlayType,EM_Type,pbp_Batter,$B8)*EM_HR)) -> 0 | K8: =IF($B8="","",SUMPRODUCT(COUNTIFS(pbp_PlayType,EM_Type,pbp_Batter,$B8)*EM_1B)) -> 1 | L8: =IF($B8="","",SUMPRODUCT(COUNTIFS(pbp_PlayType,EM_Type,pbp_Batter,$B8)*EM_BB)) -> 0 | M8: =IF($B8="","",SUMPRODUCT(COUNTIFS(pbp_PlayType,EM_Type,pbp_Batter,$B8)*EM_HBP)) -> 0 | N8: =IF($B8="","",COUNTIFS(pbp_PlayType,"?*",pbp_Desc,"*struck out*",pbp_Batter,$B8)) -> 0 | O8: =IF($B8="","",SUMPRODUCT(COUNTIFS(pbp_PlayType,EM_Type,pbp_Batter,$B8)*EM_SF)) -> 0 | P8: =IF($B8="","",SUMIFS(pbp_Runs,pbp_Batter,$B8)) -> 0 | Q8: =IF($B8="","",IF((F8)=0,"",(G8)/(F8))) -> 0.16666667 | R8: =IF($B8="","",IF(((F8+L8+M8+O8))=0,"",((G8+L8+M8))/((F8+L8+M8+O8)))) -> 0.16666667 | S8: =IF($B8="","",IF((F8)=0,"",((K8+2*H8+3*I8+4*J8))/(F8))) -> 0.16666667 | T8: =IF($B8="","",IF(F8=0,"",R8+S8)) -> 0.33333333 | U8: =IF($B8="","",IF(F8=0,"",S8-Q8)) -> 0 | V8: =IF($B8="","",IF((E8)=0,"",(N8)/(E8))) -> 0 | W8: =IF($B8="","",IF((E8)=0,"",(L8)/(E8))) -> 0 | X8: =IF($B8="","",IF((E8)=0,"",(SUMIFS(pbp_Pitches,pbp_Batter,$B8,pbp_PlayType,"?*"))/(E8))) -> 3.5 | Y8: =IF($B8="","",H8+I8+J8) -> 0 | Z8: =IF($B8="","",IF((SUMPRODUCT(COUNTIFS(pbp_PlayType,EM_Type,pbp_Batter,$B8,pbp_On2B,"?*")*EM_AB)+SUMPRODUCT(COUNTIFS(pbp_PlayType,EM_Type,pbp_Batter,$B8,pbp_On2B,"",pbp_On3B,"?*")*EM_AB))=0,"",(SUMPRODUCT(COUNTIFS(pbp_PlayType,EM_Type,pbp_Batter,$B8,pbp_On2B,"?*")*EM_H)+SUMPRODUCT(COUNTIFS(pbp_PlayType,EM_Type,pbp_Batter,$B8,pbp_On2B,"",pbp_On3B,"?*")*EM_H))/(SUMPRODUCT(COUNTIFS(pbp_PlayType,EM_Type,pbp_Batter,$B8,pbp_On2B,"?*")*EM_AB)+SUMPRODUCT(COUNTIFS(pbp_PlayType,EM_Type,pbp_Batter,$B8,pbp_On2B,"",pbp_On3B,"?*")*EM_AB)))) -> 0.33333333 | AA8: =IF($B8="","",IF(OR(E8<MinPA,T8=""),"",COUNTIFS($E$6:$E$255,">="&MinPA,$T$6:$T$255,">"&T8)+COUNTIFS($E$5:E7,">="&MinPA,$T$5:T7,T8)+1)) -> 14
B9: {=IFERROR(INDEX(pbp_Batter,MATCH(0,COUNTIF($B$5:B8,pbp_Batter)+(pbp_Batter=""),0)),"")} -> Mookie Betts | C9: =IF($B9="","",IFERROR(INDEX(pbp_BatTeam,MATCH($B9,pbp_Batter,0)),"")) -> Los Angeles Dodgers | D9: =IF($B9="","",IFERROR(INDEX(pbp_BatHand,MATCH($B9,pbp_Batter,0)),"")) -> R | E9: =IF($B9="","",SUMPRODUCT(COUNTIFS(pbp_PlayType,EM_Type,pbp_Batter,$B9)*EM_PA)) -> 5 | F9: =IF($B9="","",SUMPRODUCT(COUNTIFS(pbp_PlayType,EM_Type,pbp_Batter,$B9)*EM_AB)) -> 3 | G9: =IF($B9="","",SUMPRODUCT(COUNTIFS(pbp_PlayType,EM_Type,pbp_Batter,$B9)*EM_H)) -> 0 | H9: =IF($B9="","",SUMPRODUCT(COUNTIFS(pbp_PlayType,EM_Type,pbp_Batter,$B9)*EM_2B)) -> 0 | I9: =IF($B9="","",SUMPRODUCT(COUNTIFS(pbp_PlayType,EM_Type,pbp_Batter,$B9)*EM_3B)) -> 0 | J9: =IF($B9="","",SUMPRODUCT(COUNTIFS(pbp_PlayType,EM_Type,pbp_Batter,$B9)*EM_HR)) -> 0 | K9: =IF($B9="","",SUMPRODUCT(COUNTIFS(pbp_PlayType,EM_Type,pbp_Batter,$B9)*EM_1B)) -> 0 | L9: =IF($B9="","",SUMPRODUCT(COUNTIFS(pbp_PlayType,EM_Type,pbp_Batter,$B9)*EM_BB)) -> 2 | M9: =IF($B9="","",SUMPRODUCT(COUNTIFS(pbp_PlayType,EM_Type,pbp_Batter,$B9)*EM_HBP)) -> 0 | N9: =IF($B9="","",COUNTIFS(pbp_PlayType,"?*",pbp_Desc,"*struck out*",pbp_Batter,$B9)) -> 0 | O9: =IF($B9="","",SUMPRODUCT(COUNTIFS(pbp_PlayType,EM_Type,pbp_Batter,$B9)*EM_SF)) -> 0 | P9: =IF($B9="","",SUMIFS(pbp_Runs,pbp_Batter,$B9)) -> 0 | Q9: =IF($B9="","",IF((F9)=0,"",(G9)/(F9))) -> 0 | R9: =IF($B9="","",IF(((F9+L9+M9+O9))=0,"",((G9+L9+M9))/((F9+L9+M9+O9)))) -> 0.4 | S9: =IF($B9="","",IF((F9)=0,"",((K9+2*H9+3*I9+4*J9))/(F9))) -> 0 | T9: =IF($B9="","",IF(F9=0,"",R9+S9)) -> 0.4 | U9: =IF($B9="","",IF(F9=0,"",S9-Q9)) -> 0 | V9: =IF($B9="","",IF((E9)=0,"",(N9)/(E9))) -> 0 | W9: =IF($B9="","",IF((E9)=0,"",(L9)/(E9))) -> 0.4 | X9: =IF($B9="","",IF((E9)=0,"",(SUMIFS(pbp_Pitches,pbp_Batter,$B9,pbp_PlayType,"?*"))/(E9))) -> 4 | Y9: =IF($B9="","",H9+I9+J9) -> 0 | Z9: =IF($B9="","",IF((SUMPRODUCT(COUNTIFS(pbp_PlayType,EM_Type,pbp_Batter,$B9,pbp_On2B,"?*")*EM_AB)+SUMPRODUCT(COUNTIFS(pbp_PlayType,EM_Type,pbp_Batter,$B9,pbp_On2B,"",pbp_On3B,"?*")*EM_AB))=0,"",(SUMPRODUCT(COUNTIFS(pbp_PlayType,EM_Type,pbp_Batter,$B9,pbp_On2B,"?*")*EM_H)+SUMPRODUCT(COUNTIFS(pbp_PlayType,EM_Type,pbp_Batter,$B9,pbp_On2B,"",pbp_On3B,"?*")*EM_H))/(SUMPRODUCT(COUNTIFS(pbp_PlayType,EM_Type,pbp_Batter,$B9,pbp_On2B,"?*")*EM_AB)+SUMPRODUCT(COUNTIFS(pbp_PlayType,EM_Type,pbp_Batter,$B9,pbp_On2B,"",pbp_On3B,"?*")*EM_AB)))) -> 0 | AA9: =IF($B9="","",IF(OR(E9<MinPA,T9=""),"",COUNTIFS($E$6:$E$255,">="&MinPA,$T$6:$T$255,">"&T9)+COUNTIFS($E$5:E8,">="&MinPA,$T$5:T8,T9)+1)) -> 12
B10: {=IFERROR(INDEX(pbp_Batter,MATCH(0,COUNTIF($B$5:B9,pbp_Batter)+(pbp_Batter=""),0)),"")} -> George Springer | C10: =IF($B10="","",IFERROR(INDEX(pbp_BatTeam,MATCH($B10,pbp_Batter,0)),"")) -> Toronto Blue Jays | D10: =IF($B10="","",IFERROR(INDEX(pbp_BatHand,MATCH($B10,pbp_Batter,0)),"")) -> R | E10: =IF($B10="","",SUMPRODUCT(COUNTIFS(pbp_PlayType,EM_Type,pbp_Batter,$B10)*EM_PA)) -> 6 | F10: =IF($B10="","",SUMPRODUCT(COUNTIFS(pbp_PlayType,EM_Type,pbp_Batter,$B10)*EM_AB)) -> 6 | G10: =IF($B10="","",SUMPRODUCT(COUNTIFS(pbp_PlayType,EM_Type,pbp_Batter,$B10)*EM_H)) -> 3 | H10: =IF($B10="","",SUMPRODUCT(COUNTIFS(pbp_PlayType,EM_Type,pbp_Batter,$B10)*EM_2B)) -> 0 | I10: =IF($B10="","",SUMPRODUCT(COUNTIFS(pbp_PlayType,EM_Type,pbp_Batter,$B10)*EM_3B)) -> 0 | J10: =IF($B10="","",SUMPRODUCT(COUNTIFS(pbp_PlayType,EM_Type,pbp_Batter,$B10)*EM_HR)) -> 0 | K10: =IF($B10="","",SUMPRODUCT(COUNTIFS(pbp_PlayType,EM_Type,pbp_Batter,$B10)*EM_1B)) -> 3 | L10: =IF($B10="","",SUMPRODUCT(COUNTIFS(pbp_PlayType,EM_Type,pbp_Batter,$B10)*EM_BB)) -> 0 | M10: =IF($B10="","",SUMPRODUCT(COUNTIFS(pbp_PlayType,EM_Type,pbp_Batter,$B10)*EM_HBP)) -> 0 | N10: =IF($B10="","",COUNTIFS(pbp_PlayType,"?*",pbp_Desc,"*struck out*",pbp_Batter,$B10)) -> 3 | O10: =IF($B10="","",SUMPRODUCT(COUNTIFS(pbp_PlayType,EM_Type,pbp_Batter,$B10)*EM_SF)) -> 0 | P10: =IF($B10="","",SUMIFS(pbp_Runs,pbp_Batter,$B10)) -> 0 | Q10: =IF($B10="","",IF((F10)=0,"",(G10)/(F10))) -> 0.5 | R10: =IF($B10="","",IF(((F10+L10+M10+O10))=0,"",((G10+L10+M10))/((F10+L10+M10+O10)))) -> 0.5 | S10: =IF($B10="","",IF((F10)=0,"",((K10+2*H10+3*I10+4*J10))/(F10))) -> 0.5 | T10: =IF($B10="","",IF(F10=0,"",R10+S10)) -> 1 | U10: =IF($B10="","",IF(F10=0,"",S10-Q10)) -> 0 | V10: =IF($B10="","",IF((E10)=0,"",(N10)/(E10))) -> 0.5 | W10: =IF($B10="","",IF((E10)=0,"",(L10)/(E10))) -> 0 | X10: =IF($B10="","",IF((E10)=0,"",(SUMIFS(pbp_Pitches,pbp_Batter,$B10,pbp_PlayType,"?*"))/(E10))) -> 4.3333333 | Y10: =IF($B10="","",H10+I10+J10) -> 0 | Z10: =IF($B10="","",IF((SUMPRODUCT(COUNTIFS(pbp_PlayType,EM_Type,pbp_Batter,$B10,pbp_On2B,"?*")*EM_AB)+SUMPRODUCT(COUNTIFS(pbp_PlayType,EM_Type,pbp_Batter,$B10,pbp_On2B,"",pbp_On3B,"?*")*EM_AB))=0,"",(SUMPRODUCT(COUNTIFS(pbp_PlayType,EM_Type,pbp_Batter,$B10,pbp_On2B,"?*")*EM_H)+SUMPRODUCT(COUNTIFS(pbp_PlayType,EM_Type,pbp_Batter,$B10,pbp_On2B,"",pbp_On3B,"?*")*EM_H))/(SUMPRODUCT(COUNTIFS(pbp_PlayType,EM_Type,pbp_Batter,$B10,pbp_On2B,"?*")*EM_AB)+SUMPRODUCT(COUNTIFS(pbp_PlayType,EM_Type,pbp_Batter,$B10,pbp_On2B,"",pbp_On3B,"?*")*EM_AB)))) -> 0 | AA10: =IF($B10="","",IF(OR(E10<MinPA,T10=""),"",COUNTIFS($E$6:$E$255,">="&MinPA,$T$6:$T$255,">"&T10)+COUNTIFS($E$5:E9,">="&MinPA,$T$5:T9,T10)+1)) -> 7
B11: {=IFERROR(INDEX(pbp_Batter,MATCH(0,COUNTIF($B$5:B10,pbp_Batter)+(pbp_Batter=""),0)),"")} -> Nathan Lukes | C11: =IF($B11="","",IFERROR(INDEX(pbp_BatTeam,MATCH($B11,pbp_Batter,0)),"")) -> Toronto Blue Jays | D11: =IF($B11="","",IFERROR(INDEX(pbp_BatHand,MATCH($B11,pbp_Batter,0)),"")) -> L | E11: =IF($B11="","",SUMPRODUCT(COUNTIFS(pbp_PlayType,EM_Type,pbp_Batter,$B11)*EM_PA)) -> 4 | F11: =IF($B11="","",SUMPRODUCT(COUNTIFS(pbp_PlayType,EM_Type,pbp_Batter,$B11)*EM_AB)) -> 3 | G11: =IF($B11="","",SUMPRODUCT(COUNTIFS(pbp_PlayType,EM_Type,pbp_Batter,$B11)*EM_H)) -> 0 | H11: =IF($B11="","",SUMPRODUCT(COUNTIFS(pbp_PlayType,EM_Type,pbp_Batter,$B11)*EM_2B)) -> 0 | I11: =IF($B11="","",SUMPRODUCT(COUNTIFS(pbp_PlayType,EM_Type,pbp_Batter,$B11)*EM_3B)) -> 0 | J11: =IF($B11="","",SUMPRODUCT(COUNTIFS(pbp_PlayType,EM_Type,pbp_Batter,$B11)*EM_HR)) -> 0 | K11: =IF($B11="","",SUMPRODUCT(COUNTIFS(pbp_PlayType,EM_Type,pbp_Batter,$B11)*EM_1B)) -> 0 | L11: =IF($B11="","",SUMPRODUCT(COUNTIFS(pbp_PlayType,EM_Type,pbp_Batter,$B11)*EM_BB)) -> 0 | M11: =IF($B11="","",SUMPRODUCT(COUNTIFS(pbp_PlayType,EM_Type,pbp_Batter,$B11)*EM_HBP)) -> 0 | N11: =IF($B11="","",COUNTIFS(pbp_PlayType,"?*",pbp_Desc,"*struck out*",pbp_Batter,$B11)) -> 2 | O11: =IF($B11="","",SUMPRODUCT(COUNTIFS(pbp_PlayType,EM_Type,pbp_Batter,$B11)*EM_SF)) -> 0 | P11: =IF($B11="","",SUMIFS(pbp_Runs,pbp_Batter,$B11)) -> 0 | Q11: =IF($B11="","",IF((F11)=0,"",(G11)/(F11))) -> 0 | R11: =IF($B11="","",IF(((F11+L11+M11+O11))=0,"",((G11+L11+M11))/((F11+L11+M11+O11)))) -> 0 | S11: =IF($B11="","",IF((F11)=0,"",((K11+2*H11+3*I11+4*J11))/(F11))) -> 0 | T11: =IF($B11="","",IF(F11=0,"",R11+S11)) -> 0 | U11: =IF($B11="","",IF(F11=0,"",S11-Q11)) -> 0 | V11: =IF($B11="","",IF((E11)=0,"",(N11)/(E11))) -> 0.5 | W11: =IF($B11="","",IF((E11)=0,"",(L11)/(E11))) -> 0 | X11: =IF($B11="","",IF((E11)=0,"",(SUMIFS(pbp_Pitches,pbp_Batter,$B11,pbp_PlayType,"?*"))/(E11))) -> 3.5 | Y11: =IF($B11="","",H11+I11+J11) -> 0 | Z11: =IF($B11="","",IF((SUMPRODUCT(COUNTIFS(pbp_PlayType,EM_Type,pbp_Batter,$B11,pbp_On2B,"?*")*EM_AB)+SUMPRODUCT(COUNTIFS(pbp_PlayType,EM_Type,pbp_Batter,$B11,pbp_On2B,"",pbp_On3B,"?*")*EM_AB))=0,"",(SUMPRODUCT(COUNTIFS(pbp_PlayType,EM_Type,pbp_Batter,$B11,pbp_On2B,"?*")*EM_H)+SUMPRODUCT(COUNTIFS(pbp_PlayType,EM_Type,pbp_Batter,$B11,pbp_On2B,"",pbp_On3B,"?*")*EM_H))/(SUMPRODUCT(COUNTIFS(pbp_PlayType,EM_Type,pbp_Batter,$B11,pbp_On2B,"?*")*EM_AB)+SUMPRODUCT(COUNTIFS(pbp_PlayType,EM_Type,pbp_Batter,$B11,pbp_On2B,"",pbp_On3B,"?*")*EM_AB)))) -> 0 | AA11: =IF($B11="","",IF(OR(E11<MinPA,T11=""),"",COUNTIFS($E$6:$E$255,">="&MinPA,$T$6:$T$255,">"&T11)+COUNTIFS($E$5:E10,">="&MinPA,$T$5:T10,T11)+1)) -> 16
B12: {=IFERROR(INDEX(pbp_Batter,MATCH(0,COUNTIF($B$5:B11,pbp_Batter)+(pbp_Batter=""),0)),"")} -> Vladimir Guerrero Jr. | C12: =IF($B12="","",IFERROR(INDEX(pbp_BatTeam,MATCH($B12,pbp_Batter,0)),"")) -> Toronto Blue Jays | D12: =IF($B12="","",IFERROR(INDEX(pbp_BatHand,MATCH($B12,pbp_Batter,0)),"")) -> R | E12: =IF($B12="","",SUMPRODUCT(COUNTIFS(pbp_PlayType,EM_Type,pbp_Batter,$B12)*EM_PA)) -> 6 | F12: =IF($B12="","",SUMPRODUCT(COUNTIFS(pbp_PlayType,EM_Type,pbp_Batter,$B12)*EM_AB)) -> 5 | G12: =IF($B12="","",SUMPRODUCT(COUNTIFS(pbp_PlayType,EM_Type,pbp_Batter,$B12)*EM_H)) -> 1 | H12: =IF($B12="","",SUMPRODUCT(COUNTIFS(pbp_PlayType,EM_Type,pbp_Batter,$B12)*EM_2B)) -> 1 | I12: =IF($B12="","",SUMPRODUCT(COUNTIFS(pbp_PlayType,EM_Type,pbp_Batter,$B12)*EM_3B)) -> 0 | J12: =IF($B12="","",SUMPRODUCT(COUNTIFS(pbp_PlayType,EM_Type,pbp_Batter,$B12)*EM_HR)) -> 0 | K12: =IF($B12="","",SUMPRODUCT(COUNTIFS(pbp_PlayType,EM_Type,pbp_Batter,$B12)*EM_1B)) -> 0 | L12: =IF($B12="","",SUMPRODUCT(COUNTIFS(pbp_PlayType,EM_Type,pbp_Batter,$B12)*EM_BB)) -> 1 | M12: =IF($B12="","",SUMPRODUCT(COUNTIFS(pbp_PlayType,EM_Type,pbp_Batter,$B12)*EM_HBP)) -> 0 | N12: =IF($B12="","",COUNTIFS(pbp_PlayType,"?*",pbp_Desc,"*struck out*",pbp_Batter,$B12)) -> 1 | O12: =IF($B12="","",SUMPRODUCT(COUNTIFS(pbp_PlayType,EM_Type,pbp_Batter,$B12)*EM_SF)) -> 0 | P12: =IF($B12="","",SUMIFS(pbp_Runs,pbp_Batter,$B12)) -> 0 | Q12: =IF($B12="","",IF((F12)=0,"",(G12)/(F12))) -> 0.2 | R12: =IF($B12="","",IF(((F12+L12+M12+O12))=0,"",((G12+L12+M12))/((F12+L12+M12+O12)))) -> 0.33333333 | S12: =IF($B12="","",IF((F12)=0,"",((K12+2*H12+3*I12+4*J12))/(F12))) -> 0.4 | T12: =IF($B12="","",IF(F12=0,"",R12+S12)) -> 0.73333333 | U12: =IF($B12="","",IF(F12=0,"",S12-Q12)) -> 0.2 | V12: =IF($B12="","",IF((E12)=0,"",(N12)/(E12))) -> 0.16666667 | W12: =IF($B12="","",IF((E12)=0,"",(L12)/(E12))) -> 0.16666667 | X12: =IF($B12="","",IF((E12)=0,"",(SUMIFS(pbp_Pitches,pbp_Batter,$B12,pbp_PlayType,"?*"))/(E12))) -> 4 | Y12: =IF($B12="","",H12+I12+J12) -> 1 | Z12: =IF($B12="","",IF((SUMPRODUCT(COUNTIFS(pbp_PlayType,EM_Type,pbp_Batter,$B12,pbp_On2B,"?*")*EM_AB)+SUMPRODUCT(COUNTIFS(pbp_PlayType,EM_Type,pbp_Batter,$B12,pbp_On2B,"",pbp_On3B,"?*")*EM_AB))=0,"",(SUMPRODUCT(COUNTIFS(pbp_PlayType,EM_Type,pbp_Batter,$B12,pbp_On2B,"?*")*EM_H)+SUMPRODUCT(COUNTIFS(pbp_PlayType,EM_Type,pbp_Batter,$B12,pbp_On2B,"",pbp_On3B,"?*")*EM_H))/(SUMPRODUCT(COUNTIFS(pbp_PlayType,EM_Type,pbp_Batter,$B12,pbp_On2B,"?*")*EM_AB)+SUMPRODUCT(COUNTIFS(pbp_PlayType,EM_Type,pbp_Batter,$B12,pbp_On2B,"",pbp_On3B,"?*")*EM_AB)))) -> 0 | AA12: =IF($B12="","",IF(OR(E12<MinPA,T12=""),"",COUNTIFS($E$6:$E$255,">="&MinPA,$T$6:$T$255,">"&T12)+COUNTIFS($E$5:E11,">="&MinPA,$T$5:T11,T12)+1)) -> 11
B13: {=IFERROR(INDEX(pbp_Batter,MATCH(0,COUNTIF($B$5:B12,pbp_Batter)+(pbp_Batter=""),0)),"")} -> Max Muncy | C13: =IF($B13="","",IFERROR(INDEX(pbp_BatTeam,MATCH($B13,pbp_Batter,0)),"")) -> Los Angeles Dodgers | D13: =IF($B13="","",IFERROR(INDEX(pbp_BatHand,MATCH($B13,pbp_Batter,0)),"")) -> L | E13: =IF($B13="","",SUMPRODUCT(COUNTIFS(pbp_PlayType,EM_Type,pbp_Batter,$B13)*EM_PA)) -> 5 | F13: =IF($B13="","",SUMPRODUCT(COUNTIFS(pbp_PlayType,EM_Type,pbp_Batter,$B13)*EM_AB)) -> 4 | G13: =IF($B13="","",SUMPRODUCT(COUNTIFS(pbp_PlayType,EM_Type,pbp_Batter,$B13)*EM_H)) -> 3 | H13: =IF($B13="","",SUMPRODUCT(COUNTIFS(pbp_PlayType,EM_Type,pbp_Batter,$B13)*EM_2B)) -> 0 | I13: =IF($B13="","",SUMPRODUCT(COUNTIFS(pbp_PlayType,EM_Type,pbp_Batter,$B13)*EM_3B)) -> 0 | J13: =IF($B13="","",SUMPRODUCT(COUNTIFS(pbp_PlayType,EM_Type,pbp_Batter,$B13)*EM_HR)) -> 1 | K13: =IF($B13="","",SUMPRODUCT(COUNTIFS(pbp_PlayType,EM_Type,pbp_Batter,$B13)*EM_1B)) -> 2 | L13: =IF($B13="","",SUMPRODUCT(COUNTIFS(pbp_PlayType,EM_Type,pbp_Batter,$B13)*EM_BB)) -> 1 | M13: =IF($B13="","",SUMPRODUCT(COUNTIFS(pbp_PlayType,EM_Type,pbp_Batter,$B13)*EM_HBP)) -> 0 | N13: =IF($B13="","",COUNTIFS(pbp_PlayType,"?*",pbp_Desc,"*struck out*",pbp_Batter,$B13)) -> 1 | O13: =IF($B13="","",SUMPRODUCT(COUNTIFS(pbp_PlayType,EM_Type,pbp_Batter,$B13)*EM_SF)) -> 0 | P13: =IF($B13="","",SUMIFS(pbp_Runs,pbp_Batter,$B13)) -> 1 | Q13: =IF($B13="","",IF((F13)=0,"",(G13)/(F13))) -> 0.75 | R13: =IF($B13="","",IF(((F13+L13+M13+O13))=0,"",((G13+L13+M13))/((F13+L13+M13+O13)))) -> 0.8 | S13: =IF($B13="","",IF((F13)=0,"",((K13+2*H13+3*I13+4*J13))/(F13))) -> 1.5 | T13: =IF($B13="","",IF(F13=0,"",R13+S13)) -> 2.3 | U13: =IF($B13="","",IF(F13=0,"",S13-Q13)) -> 0.75 | V13: =IF($B13="","",IF((E13)=0,"",(N13)/(E13))) -> 0.2 | W13: =IF($B13="","",IF((E13)=0,"",(L13)/(E13))) -> 0.2 | X13: =IF($B13="","",IF((E13)=0,"",(SUMIFS(pbp_Pitches,pbp_Batter,$B13,pbp_PlayType,"?*"))/(E13))) -> 4.4 | Y13: =IF($B13="","",H13+I13+J13) -> 1 | Z13: =IF($B13="","",IF((SUMPRODUCT(COUNTIFS(pbp_PlayType,EM_Type,pbp_Batter,$B13,pbp_On2B,"?*")*EM_AB)+SUMPRODUCT(COUNTIFS(pbp_PlayType,EM_Type,pbp_Batter,$B13,pbp_On2B,"",pbp_On3B,"?*")*EM_AB))=0,"",(SUMPRODUCT(COUNTIFS(pbp_PlayType,EM_Type,pbp_Batter,$B13,pbp_On2B,"?*")*EM_H)+SUMPRODUCT(COUNTIFS(pbp_PlayType,EM_Type,pbp_Batter,$B13,pbp_On2B,"",pbp_On3B,"?*")*EM_H))/(SUMPRODUCT(COUNTIFS(pbp_PlayType,EM_Type,pbp_Batter,$B13,pbp_On2B,"?*")*EM_AB)+SUMPRODUCT(COUNTIFS(pbp_PlayType,EM_Type,pbp_Batter,$B13,pbp_On2B,"",pbp_On3B,"?*")*EM_AB)))) | AA13: =IF($B13="","",IF(OR(E13<MinPA,T13=""),"",COUNTIFS($E$6:$E$255,">="&MinPA,$T$6:$T$255,">"&T13)+COUNTIFS($E$5:E12,">="&MinPA,$T$5:T12,T13)+1)) -> 1
B14: {=IFERROR(INDEX(pbp_Batter,MATCH(0,COUNTIF($B$5:B13,pbp_Batter)+(pbp_Batter=""),0)),"")} -> Teoscar Hernandez | C14: =IF($B14="","",IFERROR(INDEX(pbp_BatTeam,MATCH($B14,pbp_Batter,0)),"")) -> Los Angeles Dodgers | D14: =IF($B14="","",IFERROR(INDEX(pbp_BatHand,MATCH($B14,pbp_Batter,0)),"")) -> R | E14: =IF($B14="","",SUMPRODUCT(COUNTIFS(pbp_PlayType,EM_Type,pbp_Batter,$B14)*EM_PA)) -> 5 | F14: =IF($B14="","",SUMPRODUCT(COUNTIFS(pbp_PlayType,EM_Type,pbp_Batter,$B14)*EM_AB)) -> 3 | G14: =IF($B14="","",SUMPRODUCT(COUNTIFS(pbp_PlayType,EM_Type,pbp_Batter,$B14)*EM_H)) -> 0 | H14: =IF($B14="","",SUMPRODUCT(COUNTIFS(pbp_PlayType,EM_Type,pbp_Batter,$B14)*EM_2B)) -> 0 | I14: =IF($B14="","",SUMPRODUCT(COUNTIFS(pbp_PlayType,EM_Type,pbp_Batter,$B14)*EM_3B)) -> 0 | J14: =IF($B14="","",SUMPRODUCT(COUNTIFS(pbp_PlayType,EM_Type,pbp_Batter,$B14)*EM_HR)) -> 0 | K14: =IF($B14="","",SUMPRODUCT(COUNTIFS(pbp_PlayType,EM_Type,pbp_Batter,$B14)*EM_1B)) -> 0 | L14: =IF($B14="","",SUMPRODUCT(COUNTIFS(pbp_PlayType,EM_Type,pbp_Batter,$B14)*EM_BB)) -> 1 | M14: =IF($B14="","",SUMPRODUCT(COUNTIFS(pbp_PlayType,EM_Type,pbp_Batter,$B14)*EM_HBP)) -> 0 | N14: =IF($B14="","",COUNTIFS(pbp_PlayType,"?*",pbp_Desc,"*struck out*",pbp_Batter,$B14)) -> 0 | O14: =IF($B14="","",SUMPRODUCT(COUNTIFS(pbp_PlayType,EM_Type,pbp_Batter,$B14)*EM_SF)) -> 1 | P14: =IF($B14="","",SUMIFS(pbp_Runs,pbp_Batter,$B14)) -> 1 | Q14: =IF($B14="","",IF((F14)=0,"",(G14)/(F14))) -> 0 | R14: =IF($B14="","",IF(((F14+L14+M14+O14))=0,"",((G14+L14+M14))/((F14+L14+M14+O14)))) -> 0.2 | S14: =IF($B14="","",IF((F14)=0,"",((K14+2*H14+3*I14+4*J14))/(F14))) -> 0 | T14: =IF($B14="","",IF(F14=0,"",R14+S14)) -> 0.2 | U14: =IF($B14="","",IF(F14=0,"",S14-Q14)) -> 0 | V14: =IF($B14="","",IF((E14)=0,"",(N14)/(E14))) -> 0 | W14: =IF($B14="","",IF((E14)=0,"",(L14)/(E14))) -> 0.2 | X14: =IF($B14="","",IF((E14)=0,"",(SUMIFS(pbp_Pitches,pbp_Batter,$B14,pbp_PlayType,"?*"))/(E14))) -> 3.6 | Y14: =IF($B14="","",H14+I14+J14) -> 0 | Z14: =IF($B14="","",IF((SUMPRODUCT(COUNTIFS(pbp_PlayType,EM_Type,pbp_Batter,$B14,pbp_On2B,"?*")*EM_AB)+SUMPRODUCT(COUNTIFS(pbp_PlayType,EM_Type,pbp_Batter,$B14,pbp_On2B,"",pbp_On3B,"?*")*EM_AB))=0,"",(SUMPRODUCT(COUNTIFS(pbp_PlayType,EM_Type,pbp_Batter,$B14,pbp_On2B,"?*")*EM_H)+SUMPRODUCT(COUNTIFS(pbp_PlayType,EM_Type,pbp_Batter,$B14,pbp_On2B,"",pbp_On3B,"?*")*EM_H))/(SUMPRODUCT(COUNTIFS(pbp_PlayType,EM_Type,pbp_Batter,$B14,pbp_On2B,"?*")*EM_AB)+SUMPRODUCT(COUNTIFS(pbp_PlayType,EM_Type,pbp_Batter,$B14,pbp_On2B,"",pbp_On3B,"?*")*EM_AB)))) -> 0 | AA14: =IF($B14="","",IF(OR(E14<MinPA,T14=""),"",COUNTIFS($E$6:$E$255,">="&MinPA,$T$6:$T$255,">"&T14)+COUNTIFS($E$5:E13,">="&MinPA,$T$5:T13,T14)+1)) -> 15
B15: {=IFERROR(INDEX(pbp_Batter,MATCH(0,COUNTIF($B$5:B14,pbp_Batter)+(pbp_Batter=""),0)),"")} -> Tommy Edman | C15: =IF($B15="","",IFERROR(INDEX(pbp_BatTeam,MATCH($B15,pbp_Batter,0)),"")) -> Los Angeles Dodgers | D15: =IF($B15="","",IFERROR(INDEX(pbp_BatHand,MATCH($B15,pbp_Batter,0)),"")) -> S | E15: =IF($B15="","",SUMPRODUCT(COUNTIFS(pbp_PlayType,EM_Type,pbp_Batter,$B15)*EM_PA)) -> 4 | F15: =IF($B15="","",SUMPRODUCT(COUNTIFS(pbp_PlayType,EM_Type,pbp_Batter,$B15)*EM_AB)) -> 3 | G15: =IF($B15="","",SUMPRODUCT(COUNTIFS(pbp_PlayType,EM_Type,pbp_Batter,$B15)*EM_H)) -> 0 | H15: =IF($B15="","",SUMPRODUCT(COUNTIFS(pbp_PlayType,EM_Type,pbp_Batter,$B15)*EM_2B)) -> 0 | I15: =IF($B15="","",SUMPRODUCT(COUNTIFS(pbp_PlayType,EM_Type,pbp_Batter,$B15)*EM_3B)) -> 0 | J15: =IF($B15="","",SUMPRODUCT(COUNTIFS(pbp_PlayType,EM_Type,pbp_Batter,$B15)*EM_HR)) -> 0 | K15: =IF($B15="","",SUMPRODUCT(COUNTIFS(pbp_PlayType,EM_Type,pbp_Batter,$B15)*EM_1B)) -> 0 | L15: =IF($B15="","",SUMPRODUCT(COUNTIFS(pbp_PlayType,EM_Type,pbp_Batter,$B15)*EM_BB)) -> 0 | M15: =IF($B15="","",SUMPRODUCT(COUNTIFS(pbp_PlayType,EM_Type,pbp_Batter,$B15)*EM_HBP)) -> 0 | N15: =IF($B15="","",COUNTIFS(pbp_PlayType,"?*",pbp_Desc,"*struck out*",pbp_Batter,$B15)) -> 0 | O15: =IF($B15="","",SUMPRODUCT(COUNTIFS(pbp_PlayType,EM_Type,pbp_Batter,$B15)*EM_SF)) -> 1 | P15: =IF($B15="","",SUMIFS(pbp_Runs,pbp_Batter,$B15)) -> 1 | Q15: =IF($B15="","",IF((F15)=0,"",(G15)/(F15))) -> 0 | R15: =IF($B15="","",IF(((F15+L15+M15+O15))=0,"",((G15+L15+M15))/((F15+L15+M15+O15)))) -> 0 | S15: =IF($B15="","",IF((F15)=0,"",((K15+2*H15+3*I15+4*J15))/(F15))) -> 0 | T15: =IF($B15="","",IF(F15=0,"",R15+S15)) -> 0 | U15: =IF($B15="","",IF(F15=0,"",S15-Q15)) -> 0 | V15: =IF($B15="","",IF((E15)=0,"",(N15)/(E15))) -> 0 | W15: =IF($B15="","",IF((E15)=0,"",(L15)/(E15))) -> 0 | X15: =IF($B15="","",IF((E15)=0,"",(SUMIFS(pbp_Pitches,pbp_Batter,$B15,pbp_PlayType,"?*"))/(E15))) -> 3.25 | Y15: =IF($B15="","",H15+I15+J15) -> 0 | Z15: =IF($B15="","",IF((SUMPRODUCT(COUNTIFS(pbp_PlayType,EM_Type,pbp_Batter,$B15,pbp_On2B,"?*")*EM_AB)+SUMPRODUCT(COUNTIFS(pbp_PlayType,EM_Type,pbp_Batter,$B15,pbp_On2B,"",pbp_On3B,"?*")*EM_AB))=0,"",(SUMPRODUCT(COUNTIFS(pbp_PlayType,EM_Type,pbp_Batter,$B15,pbp_On2B,"?*")*EM_H)+SUMPRODUCT(COUNTIFS(pbp_PlayType,EM_Type,pbp_Batter,$B15,pbp_On2B,"",pbp_On3B,"?*")*EM_H))/(SUMPRODUCT(COUNTIFS(pbp_PlayType,EM_Type,pbp_Batter,$B15,pbp_On2B,"?*")*EM_AB)+SUMPRODUCT(COUNTIFS(pbp_PlayType,EM_Type,pbp_Batter,$B15,pbp_On2B,"",pbp_On3B,"?*")*EM_AB)))) -> 0 | AA15: =IF($B15="","",IF(OR(E15<MinPA,T15=""),"",COUNTIFS($E$6:$E$255,">="&MinPA,$T$6:$T$255,">"&T15)+COUNTIFS($E$5:E14,">="&MinPA,$T$5:T14,T15)+1)) -> 17
B16: {=IFERROR(INDEX(pbp_Batter,MATCH(0,COUNTIF($B$5:B15,pbp_Batter)+(pbp_Batter=""),0)),"")} -> Bo Bichette | C16: =IF($B16="","",IFERROR(INDEX(pbp_BatTeam,MATCH($B16,pbp_Batter,0)),"")) -> Toronto Blue Jays | D16: =IF($B16="","",IFERROR(INDEX(pbp_BatHand,MATCH($B16,pbp_Batter,0)),"")) -> R | E16: =IF($B16="","",SUMPRODUCT(COUNTIFS(pbp_PlayType,EM_Type,pbp_Batter,$B16)*EM_PA)) -> 5 | F16: =IF($B16="","",SUMPRODUCT(COUNTIFS(pbp_PlayType,EM_Type,pbp_Batter,$B16)*EM_AB)) -> 4 | G16: =IF($B16="","",SUMPRODUCT(COUNTIFS(pbp_PlayType,EM_Type,pbp_Batter,$B16)*EM_H)) -> 2 | H16: =IF($B16="","",SUMPRODUCT(COUNTIFS(pbp_PlayType,EM_Type,pbp_Batter,$B16)*EM_2B)) -> 0 | I16: =IF($B16="","",SUMPRODUCT(COUNTIFS(pbp_PlayType,EM_Type,pbp_Batter,$B16)*EM_3B)) -> 0 | J16: =IF($B16="","",SUMPRODUCT(COUNTIFS(pbp_PlayType,EM_Type,pbp_Batter,$B16)*EM_HR)) -> 1 | K16: =IF($B16="","",SUMPRODUCT(COUNTIFS(pbp_PlayType,EM_Type,pbp_Batter,$B16)*EM_1B)) -> 1 | L16: =IF($B16="","",SUMPRODUCT(COUNTIFS(pbp_PlayType,EM_Type,pbp_Batter,$B16)*EM_BB)) -> 1 | M16: =IF($B16="","",SUMPRODUCT(COUNTIFS(pbp_PlayType,EM_Type,pbp_Batter,$B16)*EM_HBP)) -> 0 | N16: =IF($B16="","",COUNTIFS(pbp_PlayType,"?*",pbp_Desc,"*struck out*",pbp_Batter,$B16)) -> 1 | O16: =IF($B16="","",SUMPRODUCT(COUNTIFS(pbp_PlayType,EM_Type,pbp_Batter,$B16)*EM_SF)) -> 0 | P16: =IF($B16="","",SUMIFS(pbp_Runs,pbp_Batter,$B16)) -> 3 | Q16: =IF($B16="","",IF((F16)=0,"",(G16)/(F16))) -> 0.5 | R16: =IF($B16="","",IF(((F16+L16+M16+O16))=0,"",((G16+L16+M16))/((F16+L16+M16+O16)))) -> 0.6 | S16: =IF($B16="","",IF((F16)=0,"",((K16+2*H16+3*I16+4*J16))/(F16))) -> 1.25 | T16: =IF($B16="","",IF(F16=0,"",R16+S16)) -> 1.85 | U16: =IF($B16="","",IF(F16=0,"",S16-Q16)) -> 0.75 | V16: =IF($B16="","",IF((E16)=0,"",(N16)/(E16))) -> 0.2 | W16: =IF($B16="","",IF((E16)=0,"",(L16)/(E16))) -> 0.2 | X16: =IF($B16="","",IF((E16)=0,"",(SUMIFS(pbp_Pitches,pbp_Batter,$B16,pbp_PlayType,"?*"))/(E16))) -> 3.4 | Y16: =IF($B16="","",H16+I16+J16) -> 1 | Z16: =IF($B16="","",IF((SUMPRODUCT(COUNTIFS(pbp_PlayType,EM_Type,pbp_Batter,$B16,pbp_On2B,"?*")*EM_AB)+SUMPRODUCT(COUNTIFS(pbp_PlayType,EM_Type,pbp_Batter,$B16,pbp_On2B,"",pbp_On3B,"?*")*EM_AB))=0,"",(SUMPRODUCT(COUNTIFS(pbp_PlayType,EM_Type,pbp_Batter,$B16,pbp_On2B,"?*")*EM_H)+SUMPRODUCT(COUNTIFS(pbp_PlayType,EM_Type,pbp_Batter,$B16,pbp_On2B,"",pbp_On3B,"?*")*EM_H))/(SUMPRODUCT(COUNTIFS(pbp_PlayType,EM_Type,pbp_Batter,$B16,pbp_On2B,"?*")*EM_AB)+SUMPRODUCT(COUNTIFS(pbp_PlayType,EM_Type,pbp_Batter,$B16,pbp_On2B,"",pbp_On3B,"?*")*EM_AB)))) -> 1 | AA16: =IF($B16="","",IF(OR(E16<MinPA,T16=""),"",COUNTIFS($E$6:$E$255,">="&MinPA,$T$6:$T$255,">"&T16)+COUNTIFS($E$5:E15,">="&MinPA,$T$5:T15,T16)+1)) -> 2
B17: {=IFERROR(INDEX(pbp_Batter,MATCH(0,COUNTIF($B$5:B16,pbp_Batter)+(pbp_Batter=""),0)),"")} -> Addison Barger | C17: =IF($B17="","",IFERROR(INDEX(pbp_BatTeam,MATCH($B17,pbp_Batter,0)),"")) -> Toronto Blue Jays | D17: =IF($B17="","",IFERROR(INDEX(pbp_BatHand,MATCH($B17,pbp_Batter,0)),"")) -> L | E17: =IF($B17="","",SUMPRODUCT(COUNTIFS(pbp_PlayType,EM_Type,pbp_Batter,$B17)*EM_PA)) -> 6 | F17: =IF($B17="","",SUMPRODUCT(COUNTIFS(pbp_PlayType,EM_Type,pbp_Batter,$B17)*EM_AB)) -> 4 | G17: =IF($B17="","",SUMPRODUCT(COUNTIFS(pbp_PlayType,EM_Type,pbp_Batter,$B17)*EM_H)) -> 2 | H17: =IF($B17="","",SUMPRODUCT(COUNTIFS(pbp_PlayType,EM_Type,pbp_Batter,$B17)*EM_2B)) -> 0 | I17: =IF($B17="","",SUMPRODUCT(COUNTIFS(pbp_PlayType,EM_Type,pbp_Batter,$B17)*EM_3B)) -> 0 | J17: =IF($B17="","",SUMPRODUCT(COUNTIFS(pbp_PlayType,EM_Type,pbp_Batter,$B17)*EM_HR)) -> 0 | K17: =IF($B17="","",SUMPRODUCT(COUNTIFS(pbp_PlayType,EM_Type,pbp_Batter,$B17)*EM_1B)) -> 2 | L17: =IF($B17="","",SUMPRODUCT(COUNTIFS(pbp_PlayType,EM_Type,pbp_Batter,$B17)*EM_BB)) -> 2 | M17: =IF($B17="","",SUMPRODUCT(COUNTIFS(pbp_PlayType,EM_Type,pbp_Batter,$B17)*EM_HBP)) -> 0 | N17: =IF($B17="","",COUNTIFS(pbp_PlayType,"?*",pbp_Desc,"*struck out*",pbp_Batter,$B17)) -> 1 | O17: =IF($B17="","",SUMPRODUCT(COUNTIFS(pbp_PlayType,EM_Type,pbp_Batter,$B17)*EM_SF)) -> 0 | P17: =IF($B17="","",SUMIFS(pbp_Runs,pbp_Batter,$B17)) -> 0 | Q17: =IF($B17="","",IF((F17)=0,"",(G17)/(F17))) -> 0.5 | R17: =IF($B17="","",IF(((F17+L17+M17+O17))=0,"",((G17+L17+M17))/((F17+L17+M17+O17)))) -> 0.66666667 | S17: =IF($B17="","",IF((F17)=0,"",((K17+2*H17+3*I17+4*J17))/(F17))) -> 0.5 | T17: =IF($B17="","",IF(F17=0,"",R17+S17)) -> 1.1666667 | U17: =IF($B17="","",IF(F17=0,"",S17-Q17)) -> 0 | V17: =IF($B17="","",IF((E17)=0,"",(N17)/(E17))) -> 0.16666667 | W17: =IF($B17="","",IF((E17)=0,"",(L17)/(E17))) -> 0.33333333 | X17: =IF($B17="","",IF((E17)=0,"",(SUMIFS(pbp_Pitches,pbp_Batter,$B17,pbp_PlayType,"?*"))/(E17))) -> 5.3333333 | Y17: =IF($B17="","",H17+I17+J17) -> 0 | Z17: =IF($B17="","",IF((SUMPRODUCT(COUNTIFS(pbp_PlayType,EM_Type,pbp_Batter,$B17,pbp_On2B,"?*")*EM_AB)+SUMPRODUCT(COUNTIFS(pbp_PlayType,EM_Type,pbp_Batter,$B17,pbp_On2B,"",pbp_On3B,"?*")*EM_AB))=0,"",(SUMPRODUCT(COUNTIFS(pbp_PlayType,EM_Type,pbp_Batter,$B17,pbp_On2B,"?*")*EM_H)+SUMPRODUCT(COUNTIFS(pbp_PlayType,EM_Type,pbp_Batter,$B17,pbp_On2B,"",pbp_On3B,"?*")*EM_H))/(SUMPRODUCT(COUNTIFS(pbp_PlayType,EM_Type,pbp_Batter,$B17,pbp_On2B,"?*")*EM_AB)+SUMPRODUCT(COUNTIFS(pbp_PlayType,EM_Type,pbp_Batter,$B17,pbp_On2B,"",pbp_On3B,"?*")*EM_AB)))) | AA17: =IF($B17="","",IF(OR(E17<MinPA,T17=""),"",COUNTIFS($E$6:$E$255,">="&MinPA,$T$6:$T$255,">"&T17)+COUNTIFS($E$5:E16,">="&MinPA,$T$5:T16,T17)+1)) -> 6
... B255: {=IFERROR(INDEX(pbp_Batter,MATCH(0,COUNTIF($B$5:B254,pbp_Batter)+(pbp_Batter=""),0)),"")} | C255: =IF($B255="","",IFERROR(INDEX(pbp_BatTeam,MATCH($B255,pbp_Batter,0)),"")) | D255: =IF($B255="","",IFERROR(INDEX(pbp_BatHand,MATCH($B255,pbp_Batter,0)),"")) | E255: =IF($B255="","",SUMPRODUCT(COUNTIFS(pbp_PlayType,EM_Type,pbp_Batter,$B255)*EM_PA)) | F255: =IF($B255="","",SUMPRODUCT(COUNTIFS(pbp_PlayType,EM_Type,pbp_Batter,$B255)*EM_AB)) | G255: =IF($B255="","",SUMPRODUCT(COUNTIFS(pbp_PlayType,EM_Type,pbp_Batter,$B255)*EM_H)) | H255: =IF($B255="","",SUMPRODUCT(COUNTIFS(pbp_PlayType,EM_Type,pbp_Batter,$B255)*EM_2B)) | I255: =IF($B255="","",SUMPRODUCT(COUNTIFS(pbp_PlayType,EM_Type,pbp_Batter,$B255)*EM_3B)) | J255: =IF($B255="","",SUMPRODUCT(COUNTIFS(pbp_PlayType,EM_Type,pbp_Batter,$B255)*EM_HR)) | K255: =IF($B255="","",SUMPRODUCT(COUNTIFS(pbp_PlayType,EM_Type,pbp_Batter,$B255)*EM_1B)) | L255: =IF($B255="","",SUMPRODUCT(COUNTIFS(pbp_PlayType,EM_Type,pbp_Batter,$B255)*EM_BB)) | M255: =IF($B255="","",SUMPRODUCT(COUNTIFS(pbp_PlayType,EM_Type,pbp_Batter,$B255)*EM_HBP)) | N255: =IF($B255="","",COUNTIFS(pbp_PlayType,"?*",pbp_Desc,"*struck out*",pbp_Batter,$B255)) | O255: =IF($B255="","",SUMPRODUCT(COUNTIFS(pbp_PlayType,EM_Type,pbp_Batter,$B255)*EM_SF)) | P255: =IF($B255="","",SUMIFS(pbp_Runs,pbp_Batter,$B255)) | Q255: =IF($B255="","",IF((F255)=0,"",(G255)/(F255))) | R255: =IF($B255="","",IF(((F255+L255+M255+O255))=0,"",((G255+L255+M255))/((F255+L255+M255+O255)))) | S255: =IF($B255="","",IF((F255)=0,"",((K255+2*H255+3*I255+4*J255))/(F255))) | T255: =IF($B255="","",IF(F255=0,"",R255+S255)) | U255: =IF($B255="","",IF(F255=0,"",S255-Q255)) | V255: =IF($B255="","",IF((E255)=0,"",(N255)/(E255))) | W255: =IF($B255="","",IF((E255)=0,"",(L255)/(E255))) | X255: =IF($B255="","",IF((E255)=0,"",(SUMIFS(pbp_Pitches,pbp_Batter,$B255,pbp_PlayType,"?*"))/(E255))) | Y255: =IF($B255="","",H255+I255+J255) | Z255: =IF($B255="","",IF((SUMPRODUCT(COUNTIFS(pbp_PlayType,EM_Type,pbp_Batter,$B255,pbp_On2B,"?*")*EM_AB)+SUMPRODUCT(COUNTIFS(pbp_PlayType,EM_Type,pbp_Batter,$B255,pbp_On2B,"",pbp_On3B,"?*")*EM_AB))=0,"",(SUMPRODUCT(COUNTIFS(pbp_PlayType,EM_Type,pbp_Batter,$B255,pbp_On2B,"?*")*EM_H)+SUMPRODUCT(COUNTIFS(pbp_PlayType,EM_Type,pbp_Batter,$B255,pbp_On2B,"",pbp_On3B,"?*")*EM_H))/(SUMPRODUCT(COUNTIFS(pbp_PlayType,EM_Type,pbp_Batter,$B255,pbp_On2B,"?*")*EM_AB)+SUMPRODUCT(COUNTIFS(pbp_PlayType,EM_Type,pbp_Batter,$B255,pbp_On2B,"",pbp_On3B,"?*")*EM_AB)))) | AA255: =IF($B255="","",IF(OR(E255<MinPA,T255=""),"",COUNTIFS($E$6:$E$255,">="&MinPA,$T$6:$T$255,">"&T255)+COUNTIFS($E$5:E254,">="&MinPA,$T$5:T254,T255)+1))

Sheet Offense Splits
B2: Offensive Situational Splits
B3: Slash lines by base state, count, PA length, inning and pitcher hand. Filter by batting team and/or batter.
B5: Batting team | C5: All Teams | D5: criteria → | E5: =IF(OR(C5="",C5="All Teams"),"*",C5) -> *
B6: Batter | C6: All Players | D6: criteria → | E6: =IF(OR(C6="",C6="All Players"),"*",C6) -> *
B8: Split | C8: PA | D8: AB | E8: H | F8: TB | G8: HR | H8: BB | I8: HBP | J8: SF | K8: K | L8: AVG | M8: OBP | N8: SLG | O8: OPS | P8: K% | Q8: BB% | R8: Share of PA
B9: All plate appearances | C9: =SUMPRODUCT(COUNTIFS(pbp_PlayType,EM_Type,pbp_BatTeam,$E$5,pbp_Batter,$E$6)*EM_PA) -> 99 | D9: =SUMPRODUCT(COUNTIFS(pbp_PlayType,EM_Type,pbp_BatTeam,$E$5,pbp_Batter,$E$6)*EM_AB) -> 84 | E9: =SUMPRODUCT(COUNTIFS(pbp_PlayType,EM_Type,pbp_BatTeam,$E$5,pbp_Batter,$E$6)*EM_H) -> 25 | F9: =SUMPRODUCT(COUNTIFS(pbp_PlayType,EM_Type,pbp_BatTeam,$E$5,pbp_Batter,$E$6)*EM_1B)+2*(SUMPRODUCT(COUNTIFS(pbp_PlayType,EM_Type,pbp_BatTeam,$E$5,pbp_Batter,$E$6)*EM_2B))+3*(SUMPRODUCT(COUNTIFS(pbp_PlayType,EM_Type,pbp_BatTeam,$E$5,pbp_Batter,$E$6)*EM_3B))+4*(SUMPRODUCT(COUNTIFS(pbp_PlayType,EM_Type,pbp_BatTeam,$E$5,pbp_Batter,$E$6)*EM_HR)) -> 41 | G9: =SUMPRODUCT(COUNTIFS(pbp_PlayType,EM_Type,pbp_BatTeam,$E$5,pbp_Batter,$E$6)*EM_HR) -> 4 | H9: =SUMPRODUCT(COUNTIFS(pbp_PlayType,EM_Type,pbp_BatTeam,$E$5,pbp_Batter,$E$6)*EM_BB) -> 9 | I9: =SUMPRODUCT(COUNTIFS(pbp_PlayType,EM_Type,pbp_BatTeam,$E$5,pbp_Batter,$E$6)*EM_HBP) -> 2 | J9: =SUMPRODUCT(COUNTIFS(pbp_PlayType,EM_Type,pbp_BatTeam,$E$5,pbp_Batter,$E$6)*EM_SF) -> 2 | K9: =COUNTIFS(pbp_PlayType,"?*",pbp_Desc,"*struck out*",pbp_BatTeam,$E$5,pbp_Batter,$E$6) -> 17 | L9: =IF((D9)=0,"",(E9)/(D9)) -> 0.29761905 | M9: =IF(((D9+H9+I9+J9))=0,"",((E9+H9+I9))/((D9+H9+I9+J9))) -> 0.37113402 | N9: =IF((D9)=0,"",(F9)/(D9)) -> 0.48809524 | O9: =IF(D9=0,"",M9+N9) -> 0.85922926 | P9: =IF((C9)=0,"",(K9)/(C9)) -> 0.17171717 | Q9: =IF((C9)=0,"",(H9)/(C9)) -> 0.090909091 | R9: =IF(($C$9)=0,"",(C9)/($C$9)) -> 1
B10: vs LHP | C10: =SUMPRODUCT(COUNTIFS(pbp_PlayType,EM_Type,pbp_BatTeam,$E$5,pbp_Batter,$E$6,pbp_PitHand,"L")*EM_PA) -> 13 | D10: =SUMPRODUCT(COUNTIFS(pbp_PlayType,EM_Type,pbp_BatTeam,$E$5,pbp_Batter,$E$6,pbp_PitHand,"L")*EM_AB) -> 11 | E10: =SUMPRODUCT(COUNTIFS(pbp_PlayType,EM_Type,pbp_BatTeam,$E$5,pbp_Batter,$E$6,pbp_PitHand,"L")*EM_H) -> 3 | F10: =SUMPRODUCT(COUNTIFS(pbp_PlayType,EM_Type,pbp_BatTeam,$E$5,pbp_Batter,$E$6,pbp_PitHand,"L")*EM_1B)+2*(SUMPRODUCT(COUNTIFS(pbp_PlayType,EM_Type,pbp_BatTeam,$E$5,pbp_Batter,$E$6,pbp_PitHand,"L")*EM_2B))+3*(SUMPRODUCT(COUNTIFS(pbp_PlayType,EM_Type,pbp_BatTeam,$E$5,pbp_Batter,$E$6,pbp_PitHand,"L")*EM_3B))+4*(SUMPRODUCT(COUNTIFS(pbp_PlayType,EM_Type,pbp_BatTeam,$E$5,pbp_Batter,$E$6,pbp_PitHand,"L")*EM_HR)) -> 3 | G10: =SUMPRODUCT(COUNTIFS(pbp_PlayType,EM_Type,pbp_BatTeam,$E$5,pbp_Batter,$E$6,pbp_PitHand,"L")*EM_HR) -> 0 | H10: =SUMPRODUCT(COUNTIFS(pbp_PlayType,EM_Type,pbp_BatTeam,$E$5,pbp_Batter,$E$6,pbp_PitHand,"L")*EM_BB) -> 1 | I10: =SUMPRODUCT(COUNTIFS(pbp_PlayType,EM_Type,pbp_BatTeam,$E$5,pbp_Batter,$E$6,pbp_PitHand,"L")*EM_HBP) -> 1 | J10: =SUMPRODUCT(COUNTIFS(pbp_PlayType,EM_Type,pbp_BatTeam,$E$5,pbp_Batter,$E$6,pbp_PitHand,"L")*EM_SF) -> 0 | K10: =COUNTIFS(pbp_PlayType,"?*",pbp_Desc,"*struck out*",pbp_BatTeam,$E$5,pbp_Batter,$E$6,pbp_PitHand,"L") -> 4 | L10: =IF((D10)=0,"",(E10)/(D10)) -> 0.27272727 | M10: =IF(((D10+H10+I10+J10))=0,"",((E10+H10+I10))/((D10+H10+I10+J10))) -> 0.38461538 | N10: =IF((D10)=0,"",(F10)/(D10)) -> 0.27272727 | O10: =IF(D10=0,"",M10+N10) -> 0.65734266 | P10: =IF((C10)=0,"",(K10)/(C10)) -> 0.30769231 | Q10: =IF((C10)=0,"",(H10)/(C10)) -> 0.076923077 | R10: =IF(($C$9)=0,"",(C10)/($C$9)) -> 0.13131313
B11: vs RHP | C11: =SUMPRODUCT(COUNTIFS(pbp_PlayType,EM_Type,pbp_BatTeam,$E$5,pbp_Batter,$E$6,pbp_PitHand,"R")*EM_PA) -> 86 | D11: =SUMPRODUCT(COUNTIFS(pbp_PlayType,EM_Type,pbp_BatTeam,$E$5,pbp_Batter,$E$6,pbp_PitHand,"R")*EM_AB) -> 73 | E11: =SUMPRODUCT(COUNTIFS(pbp_PlayType,EM_Type,pbp_BatTeam,$E$5,pbp_Batter,$E$6,pbp_PitHand,"R")*EM_H) -> 22 | F11: =SUMPRODUCT(COUNTIFS(pbp_PlayType,EM_Type,pbp_BatTeam,$E$5,pbp_Batter,$E$6,pbp_PitHand,"R")*EM_1B)+2*(SUMPRODUCT(COUNTIFS(pbp_PlayType,EM_Type,pbp_BatTeam,$E$5,pbp_Batter,$E$6,pbp_PitHand,"R")*EM_2B))+3*(SUMPRODUCT(COUNTIFS(pbp_PlayType,EM_Type,pbp_BatTeam,$E$5,pbp_Batter,$E$6,pbp_PitHand,"R")*EM_3B))+4*(SUMPRODUCT(COUNTIFS(pbp_PlayType,EM_Type,pbp_BatTeam,$E$5,pbp_Batter,$E$6,pbp_PitHand,"R")*EM_HR)) -> 38 | G11: =SUMPRODUCT(COUNTIFS(pbp_PlayType,EM_Type,pbp_BatTeam,$E$5,pbp_Batter,$E$6,pbp_PitHand,"R")*EM_HR) -> 4 | H11: =SUMPRODUCT(COUNTIFS(pbp_PlayType,EM_Type,pbp_BatTeam,$E$5,pbp_Batter,$E$6,pbp_PitHand,"R")*EM_BB) -> 8 | I11: =SUMPRODUCT(COUNTIFS(pbp_PlayType,EM_Type,pbp_BatTeam,$E$5,pbp_Batter,$E$6,pbp_PitHand,"R")*EM_HBP) -> 1 | J11: =SUMPRODUCT(COUNTIFS(pbp_PlayType,EM_Type,pbp_BatTeam,$E$5,pbp_Batter,$E$6,pbp_PitHand,"R")*EM_SF) -> 2 | K11: =COUNTIFS(pbp_PlayType,"?*",pbp_Desc,"*struck out*",pbp_BatTeam,$E$5,pbp_Batter,$E$6,pbp_PitHand,"R") -> 13 | L11: =IF((D11)=0,"",(E11)/(D11)) -> 0.30136986 | M11: =IF(((D11+H11+I11+J11))=0,"",((E11+H11+I11))/((D11+H11+I11+J11))) -> 0.36904762 | N11: =IF((D11)=0,"",(F11)/(D11)) -> 0.52054795 | O11: =IF(D11=0,"",M11+N11) -> 0.88959556 | P11: =IF((C11)=0,"",(K11)/(C11)) -> 0.15116279 | Q11: =IF((C11)=0,"",(H11)/(C11)) -> 0.093023256 | R11: =IF(($C$9)=0,"",(C11)/($C$9)) -> 0.86868687
B12: Bases empty | C12: =SUMPRODUCT(COUNTIFS(pbp_PlayType,EM_Type,pbp_BatTeam,$E$5,pbp_Batter,$E$6,pbp_On1B,"",pbp_On2B,"",pbp_On3B,"")*EM_PA) -> 46 | D12: =SUMPRODUCT(COUNTIFS(pbp_PlayType,EM_Type,pbp_BatTeam,$E$5,pbp_Batter,$E$6,pbp_On1B,"",pbp_On2B,"",pbp_On3B,"")*EM_AB) -> 41 | E12: =SUMPRODUCT(COUNTIFS(pbp_PlayType,EM_Type,pbp_BatTeam,$E$5,pbp_Batter,$E$6,pbp_On1B,"",pbp_On2B,"",pbp_On3B,"")*EM_H) -> 15 | F12: =SUMPRODUCT(COUNTIFS(pbp_PlayType,EM_Type,pbp_BatTeam,$E$5,pbp_Batter,$E$6,pbp_On1B,"",pbp_On2B,"",pbp_On3B,"")*EM_1B)+2*(SUMPRODUCT(COUNTIFS(pbp_PlayType,EM_Type,pbp_BatTeam,$E$5,pbp_Batter,$E$6,pbp_On1B,"",pbp_On2B,"",pbp_On3B,"")*EM_2B))+3*(SUMPRODUCT(COUNTIFS(pbp_PlayType,EM_Type,pbp_BatTeam,$E$5,pbp_Batter,$E$6,pbp_On1B,"",pbp_On2B,"",pbp_On3B,"")*EM_3B))+4*(SUMPRODUCT(COUNTIFS(pbp_PlayType,EM_Type,pbp_BatTeam,$E$5,pbp_Batter,$E$6,pbp_On1B,"",pbp_On2B,"",pbp_On3B,"")*EM_HR)) -> 27 | G12: =SUMPRODUCT(COUNTIFS(pbp_PlayType,EM_Type,pbp_BatTeam,$E$5,pbp_Batter,$E$6,pbp_On1B,"",pbp_On2B,"",pbp_On3B,"")*EM_HR) -> 3 | H12: =SUMPRODUCT(COUNTIFS(pbp_PlayType,EM_Type,pbp_BatTeam,$E$5,pbp_Batter,$E$6,pbp_On1B,"",pbp_On2B,"",pbp_On3B,"")*EM_BB) -> 4 | I12: =SUMPRODUCT(COUNTIFS(pbp_PlayType,EM_Type,pbp_BatTeam,$E$5,pbp_Batter,$E$6,pbp_On1B,"",pbp_On2B,"",pbp_On3B,"")*EM_HBP) -> 1 | J12: =SUMPRODUCT(COUNTIFS(pbp_PlayType,EM_Type,pbp_BatTeam,$E$5,pbp_Batter,$E$6,pbp_On1B,"",pbp_On2B,"",pbp_On3B,"")*EM_SF) -> 0 | K12: =COUNTIFS(pbp_PlayType,"?*",pbp_Desc,"*struck out*",pbp_BatTeam,$E$5,pbp_Batter,$E$6,pbp_On1B,"",pbp_On2B,"",pbp_On3B,"") -> 8 | L12: =IF((D12)=0,"",(E12)/(D12)) -> 0.36585366 | M12: =IF(((D12+H12+I12+J12))=0,"",((E12+H12+I12))/((D12+H12+I12+J12))) -> 0.43478261 | N12: =IF((D12)=0,"",(F12)/(D12)) -> 0.65853659 | O12: =IF(D12=0,"",M12+N12) -> 1.0933192 | P12: =IF((C12)=0,"",(K12)/(C12)) -> 0.17391304 | Q12: =IF((C12)=0,"",(H12)/(C12)) -> 0.086956522 | R12: =IF(($C$9)=0,"",(C12)/($C$9)) -> 0.46464646
B13: Runners on base | C13: =SUMPRODUCT(COUNTIFS(pbp_PlayType,EM_Type,pbp_BatTeam,$E$5,pbp_Batter,$E$6,pbp_On1B,"?*")*EM_PA)+SUMPRODUCT(COUNTIFS(pbp_PlayType,EM_Type,pbp_BatTeam,$E$5,pbp_Batter,$E$6,pbp_On1B,"",pbp_On2B,"?*")*EM_PA)+SUMPRODUCT(COUNTIFS(pbp_PlayType,EM_Type,pbp_BatTeam,$E$5,pbp_Batter,$E$6,pbp_On1B,"",pbp_On2B,"",pbp_On3B,"?*")*EM_PA) -> 53 | D13: =SUMPRODUCT(COUNTIFS(pbp_PlayType,EM_Type,pbp_BatTeam,$E$5,pbp_Batter,$E$6,pbp_On1B,"?*")*EM_AB)+SUMPRODUCT(COUNTIFS(pbp_PlayType,EM_Type,pbp_BatTeam,$E$5,pbp_Batter,$E$6,pbp_On1B,"",pbp_On2B,"?*")*EM_AB)+SUMPRODUCT(COUNTIFS(pbp_PlayType,EM_Type,pbp_BatTeam,$E$5,pbp_Batter,$E$6,pbp_On1B,"",pbp_On2B,"",pbp_On3B,"?*")*EM_AB) -> 43 | E13: =SUMPRODUCT(COUNTIFS(pbp_PlayType,EM_Type,pbp_BatTeam,$E$5,pbp_Batter,$E$6,pbp_On1B,"?*")*EM_H)+SUMPRODUCT(COUNTIFS(pbp_PlayType,EM_Type,pbp_BatTeam,$E$5,pbp_Batter,$E$6,pbp_On1B,"",pbp_On2B,"?*")*EM_H)+SUMPRODUCT(COUNTIFS(pbp_PlayType,EM_Type,pbp_BatTeam,$E$5,pbp_Batter,$E$6,pbp_On1B,"",pbp_On2B,"",pbp_On3B,"?*")*EM_H) -> 10 | F13: =SUMPRODUCT(COUNTIFS(pbp_PlayType,EM_Type,pbp_BatTeam,$E$5,pbp_Batter,$E$6,pbp_On1B,"?*")*EM_1B)+SUMPRODUCT(COUNTIFS(pbp_PlayType,EM_Type,pbp_BatTeam,$E$5,pbp_Batter,$E$6,pbp_On1B,"",pbp_On2B,"?*")*EM_1B)+SUMPRODUCT(COUNTIFS(pbp_PlayType,EM_Type,pbp_BatTeam,$E$5,pbp_Batter,$E$6,pbp_On1B,"",pbp_On2B,"",pbp_On3B,"?*")*EM_1B)+2*(SUMPRODUCT(COUNTIFS(pbp_PlayType,EM_Type,pbp_BatTeam,$E$5,pbp_Batter,$E$6,pbp_On1B,"?*")*EM_2B)+SUMPRODUCT(COUNTIFS(pbp_PlayType,EM_Type,pbp_BatTeam,$E$5,pbp_Batter,$E$6,pbp_On1B,"",pbp_On2B,"?*")*EM_2B)+SUMPRODUCT(COUNTIFS(pbp_PlayType,EM_Type,pbp_BatTeam,$E$5,pbp_Batter,$E$6,pbp_On1B,"",pbp_On2B,"",pbp_On3B,"?*")*EM_2B))+3*(SUMPRODUCT(COUNTIFS(pbp_PlayType,EM_Type,pbp_BatTeam,$E$5,pbp_Batter,$E$6,pbp_On1B,"?*")*EM_3B)+SUMPRODUCT(COUNTIFS(pbp_PlayType,EM_Type,pbp_BatTeam,$E$5,pbp_Batter,$E$6,pbp_On1B,"",pbp_On2B,"?*")*EM_3B)+SUMPRODUCT(COUNTIFS(pbp_PlayType,EM_Type,pbp_BatTeam,$E$5,pbp_Batter,$E$6,pbp_On1B,"",pbp_On2B,"",pbp_On3B,"?*")*EM_3B))+4*(SUMPRODUCT(COUNTIFS(pbp_PlayType,EM_Type,pbp_BatTeam,$E$5,pbp_Batter,$E$6,pbp_On1B,"?*")*EM_HR)+SUMPRODUCT(COUNTIFS(pbp_PlayType,EM_Type,pbp_BatTeam,$E$5,pbp_Batter,$E$6,pbp_On1B,"",pbp_On2B,"?*")*EM_HR)+SUMPRODUCT(COUNTIFS(pbp_PlayType,EM_Type,pbp_BatTeam,$E$5,pbp_Batter,$E$6,pbp_On1B,"",pbp_On2B,"",pbp_On3B,"?*")*EM_HR)) -> 14 | G13: =SUMPRODUCT(COUNTIFS(pbp_PlayType,EM_Type,pbp_BatTeam,$E$5,pbp_Batter,$E$6,pbp_On1B,"?*")*EM_HR)+SUMPRODUCT(COUNTIFS(pbp_PlayType,EM_Type,pbp_BatTeam,$E$5,pbp_Batter,$E$6,pbp_On1B,"",pbp_On2B,"?*")*EM_HR)+SUMPRODUCT(COUNTIFS(pbp_PlayType,EM_Type,pbp_BatTeam,$E$5,pbp_Batter,$E$6,pbp_On1B,"",pbp_On2B,"",pbp_On3B,"?*")*EM_HR) -> 1 | H13: =SUMPRODUCT(COUNTIFS(pbp_PlayType,EM_Type,pbp_BatTeam,$E$5,pbp_Batter,$E$6,pbp_On1B,"?*")*EM_BB)+SUMPRODUCT(COUNTIFS(pbp_PlayType,EM_Type,pbp_BatTeam,$E$5,pbp_Batter,$E$6,pbp_On1B,"",pbp_On2B,"?*")*EM_BB)+SUMPRODUCT(COUNTIFS(pbp_PlayType,EM_Type,pbp_BatTeam,$E$5,pbp_Batter,$E$6,pbp_On1B,"",pbp_On2B,"",pbp_On3B,"?*")*EM_BB) -> 5 | I13: =SUMPRODUCT(COUNTIFS(pbp_PlayType,EM_Type,pbp_BatTeam,$E$5,pbp_Batter,$E$6,pbp_On1B,"?*")*EM_HBP)+SUMPRODUCT(COUNTIFS(pbp_PlayType,EM_Type,pbp_BatTeam,$E$5,pbp_Batter,$E$6,pbp_On1B,"",pbp_On2B,"?*")*EM_HBP)+SUMPRODUCT(COUNTIFS(pbp_PlayType,EM_Type,pbp_BatTeam,$E$5,pbp_Batter,$E$6,pbp_On1B,"",pbp_On2B,"",pbp_On3B,"?*")*EM_HBP) -> 1 | J13: =SUMPRODUCT(COUNTIFS(pbp_PlayType,EM_Type,pbp_BatTeam,$E$5,pbp_Batter,$E$6,pbp_On1B,"?*")*EM_SF)+SUMPRODUCT(COUNTIFS(pbp_PlayType,EM_Type,pbp_BatTeam,$E$5,pbp_Batter,$E$6,pbp_On1B,"",pbp_On2B,"?*")*EM_SF)+SUMPRODUCT(COUNTIFS(pbp_PlayType,EM_Type,pbp_BatTeam,$E$5,pbp_Batter,$E$6,pbp_On1B,"",pbp_On2B,"",pbp_On3B,"?*")*EM_SF) -> 2 | K13: =COUNTIFS(pbp_PlayType,"?*",pbp_Desc,"*struck out*",pbp_BatTeam,$E$5,pbp_Batter,$E$6,pbp_On1B,"?*")+COUNTIFS(pbp_PlayType,"?*",pbp_Desc,"*struck out*",pbp_BatTeam,$E$5,pbp_Batter,$E$6,pbp_On1B,"",pbp_On2B,"?*")+COUNTIFS(pbp_PlayType,"?*",pbp_Desc,"*struck out*",pbp_BatTeam,$E$5,pbp_Batter,$E$6,pbp_On1B,"",pbp_On2B,"",pbp_On3B,"?*") -> 9 | L13: =IF((D13)=0,"",(E13)/(D13)) -> 0.23255814 | M13: =IF(((D13+H13+I13+J13))=0,"",((E13+H13+I13))/((D13+H13+I13+J13))) -> 0.31372549 | N13: =IF((D13)=0,"",(F13)/(D13)) -> 0.3255814 | O13: =IF(D13=0,"",M13+N13) -> 0.63930689 | P13: =IF((C13)=0,"",(K13)/(C13)) -> 0.16981132 | Q13: =IF((C13)=0,"",(H13)/(C13)) -> 0.094339623 | R13: =IF(($C$9)=0,"",(C13)/($C$9)) -> 0.53535354
B14: Runners in scoring position | C14: =SUMPRODUCT(COUNTIFS(pbp_PlayType,EM_Type,pbp_BatTeam,$E$5,pbp_Batter,$E$6,pbp_On2B,"?*")*EM_PA)+SUMPRODUCT(COUNTIFS(pbp_PlayType,EM_Type,pbp_BatTeam,$E$5,pbp_Batter,$E$6,pbp_On2B,"",pbp_On3B,"?*")*EM_PA) -> 36 | D14: =SUMPRODUCT(COUNTIFS(pbp_PlayType,EM_Type,pbp_BatTeam,$E$5,pbp_Batter,$E$6,pbp_On2B,"?*")*EM_AB)+SUMPRODUCT(COUNTIFS(pbp_PlayType,EM_Type,pbp_BatTeam,$E$5,pbp_Batter,$E$6,pbp_On2B,"",pbp_On3B,"?*")*EM_AB) -> 28 | E14: =SUMPRODUCT(COUNTIFS(pbp_PlayType,EM_Type,pbp_BatTeam,$E$5,pbp_Batter,$E$6,pbp_On2B,"?*")*EM_H)+SUMPRODUCT(COUNTIFS(pbp_PlayType,EM_Type,pbp_BatTeam,$E$5,pbp_Batter,$E$6,pbp_On2B,"",pbp_On3B,"?*")*EM_H) -> 4 | F14: =SUMPRODUCT(COUNTIFS(pbp_PlayType,EM_Type,pbp_BatTeam,$E$5,pbp_Batter,$E$6,pbp_On2B,"?*")*EM_1B)+SUMPRODUCT(COUNTIFS(pbp_PlayType,EM_Type,pbp_BatTeam,$E$5,pbp_Batter,$E$6,pbp_On2B,"",pbp_On3B,"?*")*EM_1B)+2*(SUMPRODUCT(COUNTIFS(pbp_PlayType,EM_Type,pbp_BatTeam,$E$5,pbp_Batter,$E$6,pbp_On2B,"?*")*EM_2B)+SUMPRODUCT(COUNTIFS(pbp_PlayType,EM_Type,pbp_BatTeam,$E$5,pbp_Batter,$E$6,pbp_On2B,"",pbp_On3B,"?*")*EM_2B))+3*(SUMPRODUCT(COUNTIFS(pbp_PlayType,EM_Type,pbp_BatTeam,$E$5,pbp_Batter,$E$6,pbp_On2B,"?*")*EM_3B)+SUMPRODUCT(COUNTIFS(pbp_PlayType,EM_Type,pbp_BatTeam,$E$5,pbp_Batter,$E$6,pbp_On2B,"",pbp_On3B,"?*")*EM_3B))+4*(SUMPRODUCT(COUNTIFS(pbp_PlayType,EM_Type,pbp_BatTeam,$E$5,pbp_Batter,$E$6,pbp_On2B,"?*")*EM_HR)+SUMPRODUCT(COUNTIFS(pbp_PlayType,EM_Type,pbp_BatTeam,$E$5,pbp_Batter,$E$6,pbp_On2B,"",pbp_On3B,"?*")*EM_HR)) -> 8 | G14: =SUMPRODUCT(COUNTIFS(pbp_PlayType,EM_Type,pbp_BatTeam,$E$5,pbp_Batter,$E$6,pbp_On2B,"?*")*EM_HR)+SUMPRODUCT(COUNTIFS(pbp_PlayType,EM_Type,pbp_BatTeam,$E$5,pbp_Batter,$E$6,pbp_On2B,"",pbp_On3B,"?*")*EM_HR) -> 1 | H14: =SUMPRODUCT(COUNTIFS(pbp_PlayType,EM_Type,pbp_BatTeam,$E$5,pbp_Batter,$E$6,pbp_On2B,"?*")*EM_BB)+SUMPRODUCT(COUNTIFS(pbp_PlayType,EM_Type,pbp_BatTeam,$E$5,pbp_Batter,$E$6,pbp_On2B,"",pbp_On3B,"?*")*EM_BB) -> 4 | I14: =SUMPRODUCT(COUNTIFS(pbp_PlayType,EM_Type,pbp_BatTeam,$E$5,pbp_Batter,$E$6,pbp_On2B,"?*")*EM_HBP)+SUMPRODUCT(COUNTIFS(pbp_PlayType,EM_Type,pbp_BatTeam,$E$5,pbp_Batter,$E$6,pbp_On2B,"",pbp_On3B,"?*")*EM_HBP) -> 1 | J14: =SUMPRODUCT(COUNTIFS(pbp_PlayType,EM_Type,pbp_BatTeam,$E$5,pbp_Batter,$E$6,pbp_On2B,"?*")*EM_SF)+SUMPRODUCT(COUNTIFS(pbp_PlayType,EM_Type,pbp_BatTeam,$E$5,pbp_Batter,$E$6,pbp_On2B,"",pbp_On3B,"?*")*EM_SF) -> 2 | K14: =COUNTIFS(pbp_PlayType,"?*",pbp_Desc,"*struck out*",pbp_BatTeam,$E$5,pbp_Batter,$E$6,pbp_On2B,"?*")+COUNTIFS(pbp_PlayType,"?*",pbp_Desc,"*struck out*",pbp_BatTeam,$E$5,pbp_Batter,$E$6,pbp_On2B,"",pbp_On3B,"?*") -> 5 | L14: =IF((D14)=0,"",(E14)/(D14)) -> 0.14285714 | M14: =IF(((D14+H14+I14+J14))=0,"",((E14+H14+I14))/((D14+H14+I14+J14))) -> 0.25714286 | N14: =IF((D14)=0,"",(F14)/(D14)) -> 0.28571429 | O14: =IF(D14=0,"",M14+N14) -> 0.54285714 | P14: =IF((C14)=0,"",(K14)/(C14)) -> 0.13888889 | Q14: =IF((C14)=0,"",(H14)/(C14)) -> 0.11111111 | R14: =IF(($C$9)=0,"",(C14)/($C$9)) -> 0.36363636
B15: Bases loaded | C15: =SUMPRODUCT(COUNTIFS(pbp_PlayType,EM_Type,pbp_BatTeam,$E$5,pbp_Batter,$E$6,pbp_On1B,"?*",pbp_On2B,"?*",pbp_On3B,"?*")*EM_PA) -> 6 | D15: =SUMPRODUCT(COUNTIFS(pbp_PlayType,EM_Type,pbp_BatTeam,$E$5,pbp_Batter,$E$6,pbp_On1B,"?*",pbp_On2B,"?*",pbp_On3B,"?*")*EM_AB) -> 5 | E15: =SUMPRODUCT(COUNTIFS(pbp_PlayType,EM_Type,pbp_BatTeam,$E$5,pbp_Batter,$E$6,pbp_On1B,"?*",pbp_On2B,"?*",pbp_On3B,"?*")*EM_H) -> 0 | F15: =SUMPRODUCT(COUNTIFS(pbp_PlayType,EM_Type,pbp_BatTeam,$E$5,pbp_Batter,$E$6,pbp_On1B,"?*",pbp_On2B,"?*",pbp_On3B,"?*")*EM_1B)+2*(SUMPRODUCT(COUNTIFS(pbp_PlayType,EM_Type,pbp_BatTeam,$E$5,pbp_Batter,$E$6,pbp_On1B,"?*",pbp_On2B,"?*",pbp_On3B,"?*")*EM_2B))+3*(SUMPRODUCT(COUNTIFS(pbp_PlayType,EM_Type,pbp_BatTeam,$E$5,pbp_Batter,$E$6,pbp_On1B,"?*",pbp_On2B,"?*",pbp_On3B,"?*")*EM_3B))+4*(SUMPRODUCT(COUNTIFS(pbp_PlayType,EM_Type,pbp_BatTeam,$E$5,pbp_Batter,$E$6,pbp_On1B,"?*",pbp_On2B,"?*",pbp_On3B,"?*")*EM_HR)) -> 0 | G15: =SUMPRODUCT(COUNTIFS(pbp_PlayType,EM_Type,pbp_BatTeam,$E$5,pbp_Batter,$E$6,pbp_On1B,"?*",pbp_On2B,"?*",pbp_On3B,"?*")*EM_HR) -> 0 | H15: =SUMPRODUCT(COUNTIFS(pbp_PlayType,EM_Type,pbp_BatTeam,$E$5,pbp_Batter,$E$6,pbp_On1B,"?*",pbp_On2B,"?*",pbp_On3B,"?*")*EM_BB) -> 0 | I15: =SUMPRODUCT(COUNTIFS(pbp_PlayType,EM_Type,pbp_BatTeam,$E$5,pbp_Batter,$E$6,pbp_On1B,"?*",pbp_On2B,"?*",pbp_On3B,"?*")*EM_HBP) -> 0 | J15: =SUMPRODUCT(COUNTIFS(pbp_PlayType,EM_Type,pbp_BatTeam,$E$5,pbp_Batter,$E$6,pbp_On1B,"?*",pbp_On2B,"?*",pbp_On3B,"?*")*EM_SF) -> 1 | K15: =COUNTIFS(pbp_PlayType,"?*",pbp_Desc,"*struck out*",pbp_BatTeam,$E$5,pbp_Batter,$E$6,pbp_On1B,"?*",pbp_On2B,"?*",pbp_On3B,"?*") -> 1 | L15: =IF((D15)=0,"",(E15)/(D15)) -> 0 | M15: =IF(((D15+H15+I15+J15))=0,"",((E15+H15+I15))/((D15+H15+I15+J15))) -> 0 | N15: =IF((D15)=0,"",(F15)/(D15)) -> 0 | O15: =IF(D15=0,"",M15+N15) -> 0 | P15: =IF((C15)=0,"",(K15)/(C15)) -> 0.16666667 | Q15: =IF((C15)=0,"",(H15)/(C15)) -> 0 | R15: =IF(($C$9)=0,"",(C15)/($C$9)) -> 0.060606061
B16: First pitch put in play | C16: =SUMPRODUCT(COUNTIFS(pbp_PlayType,EM_Type,pbp_BatTeam,$E$5,pbp_Batter,$E$6,pbp_Seq,"IN*")*EM_PA) -> 11 | D16: =SUMPRODUCT(COUNTIFS(pbp_PlayType,EM_Type,pbp_BatTeam,$E$5,pbp_Batter,$E$6,pbp_Seq,"IN*")*EM_AB) -> 9 | E16: =SUMPRODUCT(COUNTIFS(pbp_PlayType,EM_Type,pbp_BatTeam,$E$5,pbp_Batter,$E$6,pbp_Seq,"IN*")*EM_H) -> 3 | F16: =SUMPRODUCT(COUNTIFS(pbp_PlayType,EM_Type,pbp_BatTeam,$E$5,pbp_Batter,$E$6,pbp_Seq,"IN*")*EM_1B)+2*(SUMPRODUCT(COUNTIFS(pbp_PlayType,EM_Type,pbp_BatTeam,$E$5,pbp_Batter,$E$6,pbp_Seq,"IN*")*EM_2B))+3*(SUMPRODUCT(COUNTIFS(pbp_PlayType,EM_Type,pbp_BatTeam,$E$5,pbp_Batter,$E$6,pbp_Seq,"IN*")*EM_3B))+4*(SUMPRODUCT(COUNTIFS(pbp_PlayType,EM_Type,pbp_BatTeam,$E$5,pbp_Batter,$E$6,pbp_Seq,"IN*")*EM_HR)) -> 7 | G16: =SUMPRODUCT(COUNTIFS(pbp_PlayType,EM_Type,pbp_BatTeam,$E$5,pbp_Batter,$E$6,pbp_Seq,"IN*")*EM_HR) -> 1 | H16: =SUMPRODUCT(COUNTIFS(pbp_PlayType,EM_Type,pbp_BatTeam,$E$5,pbp_Batter,$E$6,pbp_Seq,"IN*")*EM_BB) -> 0 | I16: =SUMPRODUCT(COUNTIFS(pbp_PlayType,EM_Type,pbp_BatTeam,$E$5,pbp_Batter,$E$6,pbp_Seq,"IN*")*EM_HBP) -> 0 | J16: =SUMPRODUCT(COUNTIFS(pbp_PlayType,EM_Type,pbp_BatTeam,$E$5,pbp_Batter,$E$6,pbp_Seq,"IN*")*EM_SF) -> 0 | K16: =COUNTIFS(pbp_PlayType,"?*",pbp_Desc,"*struck out*",pbp_BatTeam,$E$5,pbp_Batter,$E$6,pbp_Seq,"IN*") -> 0 | L16: =IF((D16)=0,"",(E16)/(D16)) -> 0.33333333 | M16: =IF(((D16+H16+I16+J16))=0,"",((E16+H16+I16))/((D16+H16+I16+J16))) -> 0.33333333 | N16: =IF((D16)=0,"",(F16)/(D16)) -> 0.77777778 | O16: =IF(D16=0,"",M16+N16) -> 1.1111111 | P16: =IF((C16)=0,"",(K16)/(C16)) -> 0 | Q16: =IF((C16)=0,"",(H16)/(C16)) -> 0 | R16: =IF(($C$9)=0,"",(C16)/($C$9)) -> 0.11111111
B17: Reached two strikes | C17: =SUMPRODUCT(COUNTIFS(pbp_PlayType,EM_Type,pbp_BatTeam,$E$5,pbp_Batter,$E$6,pbp_Strike2,"?*")*EM_PA) -> 42 | D17: =SUMPRODUCT(COUNTIFS(pbp_PlayType,EM_Type,pbp_BatTeam,$E$5,pbp_Batter,$E$6,pbp_Strike2,"?*")*EM_AB) -> 37 | E17: =SUMPRODUCT(COUNTIFS(pbp_PlayType,EM_Type,pbp_BatTeam,$E$5,pbp_Batter,$E$6,pbp_Strike2,"?*")*EM_H) -> 11 | F17: =SUMPRODUCT(COUNTIFS(pbp_PlayType,EM_Type,pbp_BatTeam,$E$5,pbp_Batter,$E$6,pbp_Strike2,"?*")*EM_1B)+2*(SUMPRODUCT(COUNTIFS(pbp_PlayType,EM_Type,pbp_BatTeam,$E$5,pbp_Batter,$E$6,pbp_Strike2,"?*")*EM_2B))+3*(SUMPRODUCT(COUNTIFS(pbp_PlayType,EM_Type,pbp_BatTeam,$E$5,pbp_Batter,$E$6,pbp_Strike2,"?*")*EM_3B))+4*(SUMPRODUCT(COUNTIFS(pbp_PlayType,EM_Type,pbp_BatTeam,$E$5,pbp_Batter,$E$6,pbp_Strike2,"?*")*EM_HR)) -> 17 | G17: =SUMPRODUCT(COUNTIFS(pbp_PlayType,EM_Type,pbp_BatTeam,$E$5,pbp_Batter,$E$6,pbp_Strike2,"?*")*EM_HR) -> 1 | H17: =SUMPRODUCT(COUNTIFS(pbp_PlayType,EM_Type,pbp_BatTeam,$E$5,pbp_Batter,$E$6,pbp_Strike2,"?*")*EM_BB) -> 4 | I17: =SUMPRODUCT(COUNTIFS(pbp_PlayType,EM_Type,pbp_BatTeam,$E$5,pbp_Batter,$E$6,pbp_Strike2,"?*")*EM_HBP) -> 1 | J17: =SUMPRODUCT(COUNTIFS(pbp_PlayType,EM_Type,pbp_BatTeam,$E$5,pbp_Batter,$E$6,pbp_Strike2,"?*")*EM_SF) -> 0 | K17: =COUNTIFS(pbp_PlayType,"?*",pbp_Desc,"*struck out*",pbp_BatTeam,$E$5,pbp_Batter,$E$6,pbp_Strike2,"?*") -> 17 | L17: =IF((D17)=0,"",(E17)/(D17)) -> 0.2972973 | M17: =IF(((D17+H17+I17+J17))=0,"",((E17+H17+I17))/((D17+H17+I17+J17))) -> 0.38095238 | N17: =IF((D17)=0,"",(F17)/(D17)) -> 0.45945946 | O17: =IF(D17=0,"",M17+N17) -> 0.84041184 | P17: =IF((C17)=0,"",(K17)/(C17)) -> 0.4047619 | Q17: =IF((C17)=0,"",(H17)/(C17)) -> 0.095238095 | R17: =IF(($C$9)=0,"",(C17)/($C$9)) -> 0.42424242
B18: Full count (3-2) reached | C18: =SUMPRODUCT(COUNTIFS(pbp_PlayType,EM_Type,pbp_BatTeam,$E$5,pbp_Batter,$E$6,pbp_Ball3,"?*",pbp_Strike2,"?*")*EM_PA) -> 13 | D18: =SUMPRODUCT(COUNTIFS(pbp_PlayType,EM_Type,pbp_BatTeam,$E$5,pbp_Batter,$E$6,pbp_Ball3,"?*",pbp_Strike2,"?*")*EM_AB) -> 9 | E18: =SUMPRODUCT(COUNTIFS(pbp_PlayType,EM_Type,pbp_BatTeam,$E$5,pbp_Batter,$E$6,pbp_Ball3,"?*",pbp_Strike2,"?*")*EM_H) -> 4 | F18: =SUMPRODUCT(COUNTIFS(pbp_PlayType,EM_Type,pbp_BatTeam,$E$5,pbp_Batter,$E$6,pbp_Ball3,"?*",pbp_Strike2,"?*")*EM_1B)+2*(SUMPRODUCT(COUNTIFS(pbp_PlayType,EM_Type,pbp_BatTeam,$E$5,pbp_Batter,$E$6,pbp_Ball3,"?*",pbp_Strike2,"?*")*EM_2B))+3*(SUMPRODUCT(COUNTIFS(pbp_PlayType,EM_Type,pbp_BatTeam,$E$5,pbp_Batter,$E$6,pbp_Ball3,"?*",pbp_Strike2,"?*")*EM_3B))+4*(SUMPRODUCT(COUNTIFS(pbp_PlayType,EM_Type,pbp_BatTeam,$E$5,pbp_Batter,$E$6,pbp_Ball3,"?*",pbp_Strike2,"?*")*EM_HR)) -> 9 | G18: =SUMPRODUCT(COUNTIFS(pbp_PlayType,EM_Type,pbp_BatTeam,$E$5,pbp_Batter,$E$6,pbp_Ball3,"?*",pbp_Strike2,"?*")*EM_HR) -> 1 | H18: =SUMPRODUCT(COUNTIFS(pbp_PlayType,EM_Type,pbp_BatTeam,$E$5,pbp_Batter,$E$6,pbp_Ball3,"?*",pbp_Strike2,"?*")*EM_BB) -> 4 | I18: =SUMPRODUCT(COUNTIFS(pbp_PlayType,EM_Type,pbp_BatTeam,$E$5,pbp_Batter,$E$6,pbp_Ball3,"?*",pbp_Strike2,"?*")*EM_HBP) -> 0 | J18: =SUMPRODUCT(COUNTIFS(pbp_PlayType,EM_Type,pbp_BatTeam,$E$5,pbp_Batter,$E$6,pbp_Ball3,"?*",pbp_Strike2,"?*")*EM_SF) -> 0 | K18: =COUNTIFS(pbp_PlayType,"?*",pbp_Desc,"*struck out*",pbp_BatTeam,$E$5,pbp_Batter,$E$6,pbp_Ball3,"?*",pbp_Strike2,"?*") -> 3 | L18: =IF((D18)=0,"",(E18)/(D18)) -> 0.44444444 | M18: =IF(((D18+H18+I18+J18))=0,"",((E18+H18+I18))/((D18+H18+I18+J18))) -> 0.61538462 | N18: =IF((D18)=0,"",(F18)/(D18)) -> 1 | O18: =IF(D18=0,"",M18+N18) -> 1.6153846 | P18: =IF((C18)=0,"",(K18)/(C18)) -> 0.23076923 | Q18: =IF((C18)=0,"",(H18)/(C18)) -> 0.30769231 | R18: =IF(($C$9)=0,"",(C18)/($C$9)) -> 0.13131313
B19: PA length: 1 pitch | C19: =SUMPRODUCT(COUNTIFS(pbp_PlayType,EM_Type,pbp_BatTeam,$E$5,pbp_Batter,$E$6,pbp_Pitches,1)*EM_PA) -> 12 | D19: =SUMPRODUCT(COUNTIFS(pbp_PlayType,EM_Type,pbp_BatTeam,$E$5,pbp_Batter,$E$6,pbp_Pitches,1)*EM_AB) -> 9 | E19: =SUMPRODUCT(COUNTIFS(pbp_PlayType,EM_Type,pbp_BatTeam,$E$5,pbp_Batter,$E$6,pbp_Pitches,1)*EM_H) -> 3 | F19: =SUMPRODUCT(COUNTIFS(pbp_PlayType,EM_Type,pbp_BatTeam,$E$5,pbp_Batter,$E$6,pbp_Pitches,1)*EM_1B)+2*(SUMPRODUCT(COUNTIFS(pbp_PlayType,EM_Type,pbp_BatTeam,$E$5,pbp_Batter,$E$6,pbp_Pitches,1)*EM_2B))+3*(SUMPRODUCT(COUNTIFS(pbp_PlayType,EM_Type,pbp_BatTeam,$E$5,pbp_Batter,$E$6,pbp_Pitches,1)*EM_3B))+4*(SUMPRODUCT(COUNTIFS(pbp_PlayType,EM_Type,pbp_BatTeam,$E$5,pbp_Batter,$E$6,pbp_Pitches,1)*EM_HR)) -> 7 | G19: =SUMPRODUCT(COUNTIFS(pbp_PlayType,EM_Type,pbp_BatTeam,$E$5,pbp_Batter,$E$6,pbp_Pitches,1)*EM_HR) -> 1 | H19: =SUMPRODUCT(COUNTIFS(pbp_PlayType,EM_Type,pbp_BatTeam,$E$5,pbp_Batter,$E$6,pbp_Pitches,1)*EM_BB) -> 1 | I19: =SUMPRODUCT(COUNTIFS(pbp_PlayType,EM_Type,pbp_BatTeam,$E$5,pbp_Batter,$E$6,pbp_Pitches,1)*EM_HBP) -> 0 | J19: =SUMPRODUCT(COUNTIFS(pbp_PlayType,EM_Type,pbp_BatTeam,$E$5,pbp_Batter,$E$6,pbp_Pitches,1)*EM_SF) -> 0 | K19: =COUNTIFS(pbp_PlayType,"?*",pbp_Desc,"*struck out*",pbp_BatTeam,$E$5,pbp_Batter,$E$6,pbp_Pitches,1) -> 0 | L19: =IF((D19)=0,"",(E19)/(D19)) -> 0.33333333 | M19: =IF(((D19+H19+I19+J19))=0,"",((E19+H19+I19))/((D19+H19+I19+J19))) -> 0.4 | N19: =IF((D19)=0,"",(F19)/(D19)) -> 0.77777778 | O19: =IF(D19=0,"",M19+N19) -> 1.1777778 | P19: =IF((C19)=0,"",(K19)/(C19)) -> 0 | Q19: =IF((C19)=0,"",(H19)/(C19)) -> 0.083333333 | R19: =IF(($C$9)=0,"",(C19)/($C$9)) -> 0.12121212
B20: PA length: 2-3 pitches | C20: =SUMPRODUCT(COUNTIFS(pbp_PlayType,EM_Type,pbp_BatTeam,$E$5,pbp_Batter,$E$6,pbp_Pitches,">=2",pbp_Pitches,"<=3")*EM_PA) -> 39 | D20: =SUMPRODUCT(COUNTIFS(pbp_PlayType,EM_Type,pbp_BatTeam,$E$5,pbp_Batter,$E$6,pbp_Pitches,">=2",pbp_Pitches,"<=3")*EM_AB) -> 36 | E20: =SUMPRODUCT(COUNTIFS(pbp_PlayType,EM_Type,pbp_BatTeam,$E$5,pbp_Batter,$E$6,pbp_Pitches,">=2",pbp_Pitches,"<=3")*EM_H) -> 11 | F20: =SUMPRODUCT(COUNTIFS(pbp_PlayType,EM_Type,pbp_BatTeam,$E$5,pbp_Batter,$E$6,pbp_Pitches,">=2",pbp_Pitches,"<=3")*EM_1B)+2*(SUMPRODUCT(COUNTIFS(pbp_PlayType,EM_Type,pbp_BatTeam,$E$5,pbp_Batter,$E$6,pbp_Pitches,">=2",pbp_Pitches,"<=3")*EM_2B))+3*(SUMPRODUCT(COUNTIFS(pbp_PlayType,EM_Type,pbp_BatTeam,$E$5,pbp_Batter,$E$6,pbp_Pitches,">=2",pbp_Pitches,"<=3")*EM_3B))+4*(SUMPRODUCT(COUNTIFS(pbp_PlayType,EM_Type,pbp_BatTeam,$E$5,pbp_Batter,$E$6,pbp_Pitches,">=2",pbp_Pitches,"<=3")*EM_HR)) -> 17 | G20: =SUMPRODUCT(COUNTIFS(pbp_PlayType,EM_Type,pbp_BatTeam,$E$5,pbp_Batter,$E$6,pbp_Pitches,">=2",pbp_Pitches,"<=3")*EM_HR) -> 2 | H20: =SUMPRODUCT(COUNTIFS(pbp_PlayType,EM_Type,pbp_BatTeam,$E$5,pbp_Batter,$E$6,pbp_Pitches,">=2",pbp_Pitches,"<=3")*EM_BB) -> 0 | I20: =SUMPRODUCT(COUNTIFS(pbp_PlayType,EM_Type,pbp_BatTeam,$E$5,pbp_Batter,$E$6,pbp_Pitches,">=2",pbp_Pitches,"<=3")*EM_HBP) -> 1 | J20: =SUMPRODUCT(COUNTIFS(pbp_PlayType,EM_Type,pbp_BatTeam,$E$5,pbp_Batter,$E$6,pbp_Pitches,">=2",pbp_Pitches,"<=3")*EM_SF) -> 2 | K20: =COUNTIFS(pbp_PlayType,"?*",pbp_Desc,"*struck out*",pbp_BatTeam,$E$5,pbp_Batter,$E$6,pbp_Pitches,">=2",pbp_Pitches,"<=3") -> 1 | L20: =IF((D20)=0,"",(E20)/(D20)) -> 0.30555556 | M20: =IF(((D20+H20+I20+J20))=0,"",((E20+H20+I20))/((D20+H20+I20+J20))) -> 0.30769231 | N20: =IF((D20)=0,"",(F20)/(D20)) -> 0.47222222 | O20: =IF(D20=0,"",M20+N20) -> 0.77991453 | P20: =IF((C20)=0,"",(K20)/(C20)) -> 0.025641026 | Q20: =IF((C20)=0,"",(H20)/(C20)) -> 0 | R20: =IF(($C$9)=0,"",(C20)/($C$9)) -> 0.39393939
B21: PA length: 4-5 pitches | C21: =SUMPRODUCT(COUNTIFS(pbp_PlayType,EM_Type,pbp_BatTeam,$E$5,pbp_Batter,$E$6,pbp_Pitches,">=4",pbp_Pitches,"<=5")*EM_PA) -> 33 | D21: =SUMPRODUCT(COUNTIFS(pbp_PlayType,EM_Type,pbp_BatTeam,$E$5,pbp_Batter,$E$6,pbp_Pitches,">=4",pbp_Pitches,"<=5")*EM_AB) -> 28 | E21: =SUMPRODUCT(COUNTIFS(pbp_PlayType,EM_Type,pbp_BatTeam,$E$5,pbp_Batter,$E$6,pbp_Pitches,">=4",pbp_Pitches,"<=5")*EM_H) -> 7 | F21: =SUMPRODUCT(COUNTIFS(pbp_PlayType,EM_Type,pbp_BatTeam,$E$5,pbp_Batter,$E$6,pbp_Pitches,">=4",pbp_Pitches,"<=5")*EM_1B)+2*(SUMPRODUCT(COUNTIFS(pbp_PlayType,EM_Type,pbp_BatTeam,$E$5,pbp_Batter,$E$6,pbp_Pitches,">=4",pbp_Pitches,"<=5")*EM_2B))+3*(SUMPRODUCT(COUNTIFS(pbp_PlayType,EM_Type,pbp_BatTeam,$E$5,pbp_Batter,$E$6,pbp_Pitches,">=4",pbp_Pitches,"<=5")*EM_3B))+4*(SUMPRODUCT(COUNTIFS(pbp_PlayType,EM_Type,pbp_BatTeam,$E$5,pbp_Batter,$E$6,pbp_Pitches,">=4",pbp_Pitches,"<=5")*EM_HR)) -> 8 | G21: =SUMPRODUCT(COUNTIFS(pbp_PlayType,EM_Type,pbp_BatTeam,$E$5,pbp_Batter,$E$6,pbp_Pitches,">=4",pbp_Pitches,"<=5")*EM_HR) -> 0 | H21: =SUMPRODUCT(COUNTIFS(pbp_PlayType,EM_Type,pbp_BatTeam,$E$5,pbp_Batter,$E$6,pbp_Pitches,">=4",pbp_Pitches,"<=5")*EM_BB) -> 4 | I21: =SUMPRODUCT(COUNTIFS(pbp_PlayType,EM_Type,pbp_BatTeam,$E$5,pbp_Batter,$E$6,pbp_Pitches,">=4",pbp_Pitches,"<=5")*EM_HBP) -> 1 | J21: =SUMPRODUCT(COUNTIFS(pbp_PlayType,EM_Type,pbp_BatTeam,$E$5,pbp_Batter,$E$6,pbp_Pitches,">=4",pbp_Pitches,"<=5")*EM_SF) -> 0 | K21: =COUNTIFS(pbp_PlayType,"?*",pbp_Desc,"*struck out*",pbp_BatTeam,$E$5,pbp_Batter,$E$6,pbp_Pitches,">=4",pbp_Pitches,"<=5") -> 11 | L21: =IF((D21)=0,"",(E21)/(D21)) -> 0.25 | M21: =IF(((D21+H21+I21+J21))=0,"",((E21+H21+I21))/((D21+H21+I21+J21))) -> 0.36363636 | N21: =IF((D21)=0,"",(F21)/(D21)) -> 0.28571429 | O21: =IF(D21=0,"",M21+N21) -> 0.64935065 | P21: =IF((C21)=0,"",(K21)/(C21)) -> 0.33333333 | Q21: =IF((C21)=0,"",(H21)/(C21)) -> 0.12121212 | R21: =IF(($C$9)=0,"",(C21)/($C$9)) -> 0.33333333
B22: PA length: 6+ pitches | C22: =SUMPRODUCT(COUNTIFS(pbp_PlayType,EM_Type,pbp_BatTeam,$E$5,pbp_Batter,$E$6,pbp_Pitches,">=6")*EM_PA) -> 15 | D22: =SUMPRODUCT(COUNTIFS(pbp_PlayType,EM_Type,pbp_BatTeam,$E$5,pbp_Batter,$E$6,pbp_Pitches,">=6")*EM_AB) -> 11 | E22: =SUMPRODUCT(COUNTIFS(pbp_PlayType,EM_Type,pbp_BatTeam,$E$5,pbp_Batter,$E$6,pbp_Pitches,">=6")*EM_H) -> 4 | F22: =SUMPRODUCT(COUNTIFS(pbp_PlayType,EM_Type,pbp_BatTeam,$E$5,pbp_Batter,$E$6,pbp_Pitches,">=6")*EM_1B)+2*(SUMPRODUCT(COUNTIFS(pbp_PlayType,EM_Type,pbp_BatTeam,$E$5,pbp_Batter,$E$6,pbp_Pitches,">=6")*EM_2B))+3*(SUMPRODUCT(COUNTIFS(pbp_PlayType,EM_Type,pbp_BatTeam,$E$5,pbp_Batter,$E$6,pbp_Pitches,">=6")*EM_3B))+4*(SUMPRODUCT(COUNTIFS(pbp_PlayType,EM_Type,pbp_BatTeam,$E$5,pbp_Batter,$E$6,pbp_Pitches,">=6")*EM_HR)) -> 9 | G22: =SUMPRODUCT(COUNTIFS(pbp_PlayType,EM_Type,pbp_BatTeam,$E$5,pbp_Batter,$E$6,pbp_Pitches,">=6")*EM_HR) -> 1 | H22: =SUMPRODUCT(COUNTIFS(pbp_PlayType,EM_Type,pbp_BatTeam,$E$5,pbp_Batter,$E$6,pbp_Pitches,">=6")*EM_BB) -> 4 | I22: =SUMPRODUCT(COUNTIFS(pbp_PlayType,EM_Type,pbp_BatTeam,$E$5,pbp_Batter,$E$6,pbp_Pitches,">=6")*EM_HBP) -> 0 | J22: =SUMPRODUCT(COUNTIFS(pbp_PlayType,EM_Type,pbp_BatTeam,$E$5,pbp_Batter,$E$6,pbp_Pitches,">=6")*EM_SF) -> 0 | K22: =COUNTIFS(pbp_PlayType,"?*",pbp_Desc,"*struck out*",pbp_BatTeam,$E$5,pbp_Batter,$E$6,pbp_Pitches,">=6") -> 5 | L22: =IF((D22)=0,"",(E22)/(D22)) -> 0.36363636 | M22: =IF(((D22+H22+I22+J22))=0,"",((E22+H22+I22))/((D22+H22+I22+J22))) -> 0.53333333 | N22: =IF((D22)=0,"",(F22)/(D22)) -> 0.81818182 | O22: =IF(D22=0,"",M22+N22) -> 1.3515152 | P22: =IF((C22)=0,"",(K22)/(C22)) -> 0.33333333 | Q22: =IF((C22)=0,"",(H22)/(C22)) -> 0.26666667 | R22: =IF(($C$9)=0,"",(C22)/($C$9)) -> 0.15151515
B23: Innings 1-3 | C23: =SUMPRODUCT(COUNTIFS(pbp_PlayType,EM_Type,pbp_BatTeam,$E$5,pbp_Batter,$E$6,pbp_Inning,"1?")*EM_PA)+SUMPRODUCT(COUNTIFS(pbp_PlayType,EM_Type,pbp_BatTeam,$E$5,pbp_Batter,$E$6,pbp_Inning,"2?")*EM_PA)+SUMPRODUCT(COUNTIFS(pbp_PlayType,EM_Type,pbp_BatTeam,$E$5,pbp_Batter,$E$6,pbp_Inning,"3?")*EM_PA) -> 26 | D23: =SUMPRODUCT(COUNTIFS(pbp_PlayType,EM_Type,pbp_BatTeam,$E$5,pbp_Batter,$E$6,pbp_Inning,"1?")*EM_AB)+SUMPRODUCT(COUNTIFS(pbp_PlayType,EM_Type,pbp_BatTeam,$E$5,pbp_Batter,$E$6,pbp_Inning,"2?")*EM_AB)+SUMPRODUCT(COUNTIFS(pbp_PlayType,EM_Type,pbp_BatTeam,$E$5,pbp_Batter,$E$6,pbp_Inning,"3?")*EM_AB) -> 23 | E23: =SUMPRODUCT(COUNTIFS(pbp_PlayType,EM_Type,pbp_BatTeam,$E$5,pbp_Batter,$E$6,pbp_Inning,"1?")*EM_H)+SUMPRODUCT(COUNTIFS(pbp_PlayType,EM_Type,pbp_BatTeam,$E$5,pbp_Batter,$E$6,pbp_Inning,"2?")*EM_H)+SUMPRODUCT(COUNTIFS(pbp_PlayType,EM_Type,pbp_BatTeam,$E$5,pbp_Batter,$E$6,pbp_Inning,"3?")*EM_H) -> 7 | F23: =SUMPRODUCT(COUNTIFS(pbp_PlayType,EM_Type,pbp_BatTeam,$E$5,pbp_Batter,$E$6,pbp_Inning,"1?")*EM_1B)+SUMPRODUCT(COUNTIFS(pbp_PlayType,EM_Type,pbp_BatTeam,$E$5,pbp_Batter,$E$6,pbp_Inning,"2?")*EM_1B)+SUMPRODUCT(COUNTIFS(pbp_PlayType,EM_Type,pbp_BatTeam,$E$5,pbp_Batter,$E$6,pbp_Inning,"3?")*EM_1B)+2*(SUMPRODUCT(COUNTIFS(pbp_PlayType,EM_Type,pbp_BatTeam,$E$5,pbp_Batter,$E$6,pbp_Inning,"1?")*EM_2B)+SUMPRODUCT(COUNTIFS(pbp_PlayType,EM_Type,pbp_BatTeam,$E$5,pbp_Batter,$E$6,pbp_Inning,"2?")*EM_2B)+SUMPRODUCT(COUNTIFS(pbp_PlayType,EM_Type,pbp_BatTeam,$E$5,pbp_Batter,$E$6,pbp_Inning,"3?")*EM_2B))+3*(SUMPRODUCT(COUNTIFS(pbp_PlayType,EM_Type,pbp_BatTeam,$E$5,pbp_Batter,$E$6,pbp_Inning,"1?")*EM_3B)+SUMPRODUCT(COUNTIFS(pbp_PlayType,EM_Type,pbp_BatTeam,$E$5,pbp_Batter,$E$6,pbp_Inning,"2?")*EM_3B)+SUMPRODUCT(COUNTIFS(pbp_PlayType,EM_Type,pbp_BatTeam,$E$5,pbp_Batter,$E$6,pbp_Inning,"3?")*EM_3B))+4*(SUMPRODUCT(COUNTIFS(pbp_PlayType,EM_Type,pbp_BatTeam,$E$5,pbp_Batter,$E$6,pbp_Inning,"1?")*EM_HR)+SUMPRODUCT(COUNTIFS(pbp_PlayType,EM_Type,pbp_BatTeam,$E$5,pbp_Batter,$E$6,pbp_Inning,"2?")*EM_HR)+SUMPRODUCT(COUNTIFS(pbp_PlayType,EM_Type,pbp_BatTeam,$E$5,pbp_Batter,$E$6,pbp_Inning,"3?")*EM_HR)) -> 10 | G23: =SUMPRODUCT(COUNTIFS(pbp_PlayType,EM_Type,pbp_BatTeam,$E$5,pbp_Batter,$E$6,pbp_Inning,"1?")*EM_HR)+SUMPRODUCT(COUNTIFS(pbp_PlayType,EM_Type,pbp_BatTeam,$E$5,pbp_Batter,$E$6,pbp_Inning,"2?")*EM_HR)+SUMPRODUCT(COUNTIFS(pbp_PlayType,EM_Type,pbp_BatTeam,$E$5,pbp_Batter,$E$6,pbp_Inning,"3?")*EM_HR) -> 1 | H23: =SUMPRODUCT(COUNTIFS(pbp_PlayType,EM_Type,pbp_BatTeam,$E$5,pbp_Batter,$E$6,pbp_Inning,"1?")*EM_BB)+SUMPRODUCT(COUNTIFS(pbp_PlayType,EM_Type,pbp_BatTeam,$E$5,pbp_Batter,$E$6,pbp_Inning,"2?")*EM_BB)+SUMPRODUCT(COUNTIFS(pbp_PlayType,EM_Type,pbp_BatTeam,$E$5,pbp_Batter,$E$6,pbp_Inning,"3?")*EM_BB) -> 2 | I23: =SUMPRODUCT(COUNTIFS(pbp_PlayType,EM_Type,pbp_BatTeam,$E$5,pbp_Batter,$E$6,pbp_Inning,"1?")*EM_HBP)+SUMPRODUCT(COUNTIFS(pbp_PlayType,EM_Type,pbp_BatTeam,$E$5,pbp_Batter,$E$6,pbp_Inning,"2?")*EM_HBP)+SUMPRODUCT(COUNTIFS(pbp_PlayType,EM_Type,pbp_BatTeam,$E$5,pbp_Batter,$E$6,pbp_Inning,"3?")*EM_HBP) -> 0 | J23: =SUMPRODUCT(COUNTIFS(pbp_PlayType,EM_Type,pbp_BatTeam,$E$5,pbp_Batter,$E$6,pbp_Inning,"1?")*EM_SF)+SUMPRODUCT(COUNTIFS(pbp_PlayType,EM_Type,pbp_BatTeam,$E$5,pbp_Batter,$E$6,pbp_Inning,"2?")*EM_SF)+SUMPRODUCT(COUNTIFS(pbp_PlayType,EM_Type,pbp_BatTeam,$E$5,pbp_Batter,$E$6,pbp_Inning,"3?")*EM_SF) -> 0 | K23: =COUNTIFS(pbp_PlayType,"?*",pbp_Desc,"*struck out*",pbp_BatTeam,$E$5,pbp_Batter,$E$6,pbp_Inning,"1?")+COUNTIFS(pbp_PlayType,"?*",pbp_Desc,"*struck out*",pbp_BatTeam,$E$5,pbp_Batter,$E$6,pbp_Inning,"2?")+COUNTIFS(pbp_PlayType,"?*",pbp_Desc,"*struck out*",pbp_BatTeam,$E$5,pbp_Batter,$E$6,pbp_Inning,"3?") -> 6 | L23: =IF((D23)=0,"",(E23)/(D23)) -> 0.30434783 | M23: =IF(((D23+H23+I23+J23))=0,"",((E23+H23+I23))/((D23+H23+I23+J23))) -> 0.36 | N23: =IF((D23)=0,"",(F23)/(D23)) -> 0.43478261 | O23: =IF(D23=0,"",M23+N23) -> 0.79478261 | P23: =IF((C23)=0,"",(K23)/(C23)) -> 0.23076923 | Q23: =IF((C23)=0,"",(H23)/(C23)) -> 0.076923077 | R23: =IF(($C$9)=0,"",(C23)/($C$9)) -> 0.26262626
B24: Innings 4-6 | C24: =SUMPRODUCT(COUNTIFS(pbp_PlayType,EM_Type,pbp_BatTeam,$E$5,pbp_Batter,$E$6,pbp_Inning,"4?")*EM_PA)+SUMPRODUCT(COUNTIFS(pbp_PlayType,EM_Type,pbp_BatTeam,$E$5,pbp_Batter,$E$6,pbp_Inning,"5?")*EM_PA)+SUMPRODUCT(COUNTIFS(pbp_PlayType,EM_Type,pbp_BatTeam,$E$5,pbp_Batter,$E$6,pbp_Inning,"6?")*EM_PA) -> 31 | D24: =SUMPRODUCT(COUNTIFS(pbp_PlayType,EM_Type,pbp_BatTeam,$E$5,pbp_Batter,$E$6,pbp_Inning,"4?")*EM_AB)+SUMPRODUCT(COUNTIFS(pbp_PlayType,EM_Type,pbp_BatTeam,$E$5,pbp_Batter,$E$6,pbp_Inning,"5?")*EM_AB)+SUMPRODUCT(COUNTIFS(pbp_PlayType,EM_Type,pbp_BatTeam,$E$5,pbp_Batter,$E$6,pbp_Inning,"6?")*EM_AB) -> 26 | E24: =SUMPRODUCT(COUNTIFS(pbp_PlayType,EM_Type,pbp_BatTeam,$E$5,pbp_Batter,$E$6,pbp_Inning,"4?")*EM_H)+SUMPRODUCT(COUNTIFS(pbp_PlayType,EM_Type,pbp_BatTeam,$E$5,pbp_Batter,$E$6,pbp_Inning,"5?")*EM_H)+SUMPRODUCT(COUNTIFS(pbp_PlayType,EM_Type,pbp_BatTeam,$E$5,pbp_Batter,$E$6,pbp_Inning,"6?")*EM_H) -> 10 | F24: =SUMPRODUCT(COUNTIFS(pbp_PlayType,EM_Type,pbp_BatTeam,$E$5,pbp_Batter,$E$6,pbp_Inning,"4?")*EM_1B)+SUMPRODUCT(COUNTIFS(pbp_PlayType,EM_Type,pbp_BatTeam,$E$5,pbp_Batter,$E$6,pbp_Inning,"5?")*EM_1B)+SUMPRODUCT(COUNTIFS(pbp_PlayType,EM_Type,pbp_BatTeam,$E$5,pbp_Batter,$E$6,pbp_Inning,"6?")*EM_1B)+2*(SUMPRODUCT(COUNTIFS(pbp_PlayType,EM_Type,pbp_BatTeam,$E$5,pbp_Batter,$E$6,pbp_Inning,"4?")*EM_2B)+SUMPRODUCT(COUNTIFS(pbp_PlayType,EM_Type,pbp_BatTeam,$E$5,pbp_Batter,$E$6,pbp_Inning,"5?")*EM_2B)+SUMPRODUCT(COUNTIFS(pbp_PlayType,EM_Type,pbp_BatTeam,$E$5,pbp_Batter,$E$6,pbp_Inning,"6?")*EM_2B))+3*(SUMPRODUCT(COUNTIFS(pbp_PlayType,EM_Type,pbp_BatTeam,$E$5,pbp_Batter,$E$6,pbp_Inning,"4?")*EM_3B)+SUMPRODUCT(COUNTIFS(pbp_PlayType,EM_Type,pbp_BatTeam,$E$5,pbp_Batter,$E$6,pbp_Inning,"5?")*EM_3B)+SUMPRODUCT(COUNTIFS(pbp_PlayType,EM_Type,pbp_BatTeam,$E$5,pbp_Batter,$E$6,pbp_Inning,"6?")*EM_3B))+4*(SUMPRODUCT(COUNTIFS(pbp_PlayType,EM_Type,pbp_BatTeam,$E$5,pbp_Batter,$E$6,pbp_Inning,"4?")*EM_HR)+SUMPRODUCT(COUNTIFS(pbp_PlayType,EM_Type,pbp_BatTeam,$E$5,pbp_Batter,$E$6,pbp_Inning,"5?")*EM_HR)+SUMPRODUCT(COUNTIFS(pbp_PlayType,EM_Type,pbp_BatTeam,$E$5,pbp_Batter,$E$6,pbp_Inning,"6?")*EM_HR)) -> 12 | G24: =SUMPRODUCT(COUNTIFS(pbp_PlayType,EM_Type,pbp_BatTeam,$E$5,pbp_Batter,$E$6,pbp_Inning,"4?")*EM_HR)+SUMPRODUCT(COUNTIFS(pbp_PlayType,EM_Type,pbp_BatTeam,$E$5,pbp_Batter,$E$6,pbp_Inning,"5?")*EM_HR)+SUMPRODUCT(COUNTIFS(pbp_PlayType,EM_Type,pbp_BatTeam,$E$5,pbp_Batter,$E$6,pbp_Inning,"6?")*EM_HR) -> 0 | H24: =SUMPRODUCT(COUNTIFS(pbp_PlayType,EM_Type,pbp_BatTeam,$E$5,pbp_Batter,$E$6,pbp_Inning,"4?")*EM_BB)+SUMPRODUCT(COUNTIFS(pbp_PlayType,EM_Type,pbp_BatTeam,$E$5,pbp_Batter,$E$6,pbp_Inning,"5?")*EM_BB)+SUMPRODUCT(COUNTIFS(pbp_PlayType,EM_Type,pbp_BatTeam,$E$5,pbp_Batter,$E$6,pbp_Inning,"6?")*EM_BB) -> 2 | I24: =SUMPRODUCT(COUNTIFS(pbp_PlayType,EM_Type,pbp_BatTeam,$E$5,pbp_Batter,$E$6,pbp_Inning,"4?")*EM_HBP)+SUMPRODUCT(COUNTIFS(pbp_PlayType,EM_Type,pbp_BatTeam,$E$5,pbp_Batter,$E$6,pbp_Inning,"5?")*EM_HBP)+SUMPRODUCT(COUNTIFS(pbp_PlayType,EM_Type,pbp_BatTeam,$E$5,pbp_Batter,$E$6,pbp_Inning,"6?")*EM_HBP) -> 1 | J24: =SUMPRODUCT(COUNTIFS(pbp_PlayType,EM_Type,pbp_BatTeam,$E$5,pbp_Batter,$E$6,pbp_Inning,"4?")*EM_SF)+SUMPRODUCT(COUNTIFS(pbp_PlayType,EM_Type,pbp_BatTeam,$E$5,pbp_Batter,$E$6,pbp_Inning,"5?")*EM_SF)+SUMPRODUCT(COUNTIFS(pbp_PlayType,EM_Type,pbp_BatTeam,$E$5,pbp_Batter,$E$6,pbp_Inning,"6?")*EM_SF) -> 2 | K24: =COUNTIFS(pbp_PlayType,"?*",pbp_Desc,"*struck out*",pbp_BatTeam,$E$5,pbp_Batter,$E$6,pbp_Inning,"4?")+COUNTIFS(pbp_PlayType,"?*",pbp_Desc,"*struck out*",pbp_BatTeam,$E$5,pbp_Batter,$E$6,pbp_Inning,"5?")+COUNTIFS(pbp_PlayType,"?*",pbp_Desc,"*struck out*",pbp_BatTeam,$E$5,pbp_Batter,$E$6,pbp_Inning,"6?") -> 4 | L24: =IF((D24)=0,"",(E24)/(D24)) -> 0.38461538 | M24: =IF(((D24+H24+I24+J24))=0,"",((E24+H24+I24))/((D24+H24+I24+J24))) -> 0.41935484 | N24: =IF((D24)=0,"",(F24)/(D24)) -> 0.46153846 | O24: =IF(D24=0,"",M24+N24) -> 0.8808933 | P24: =IF((C24)=0,"",(K24)/(C24)) -> 0.12903226 | Q24: =IF((C24)=0,"",(H24)/(C24)) -> 0.064516129 | R24: =IF(($C$9)=0,"",(C24)/($C$9)) -> 0.31313131
B25: Innings 7-9 | C25: =SUMPRODUCT(COUNTIFS(pbp_PlayType,EM_Type,pbp_BatTeam,$E$5,pbp_Batter,$E$6,pbp_Inning,"7?")*EM_PA)+SUMPRODUCT(COUNTIFS(pbp_PlayType,EM_Type,pbp_BatTeam,$E$5,pbp_Batter,$E$6,pbp_Inning,"8?")*EM_PA)+SUMPRODUCT(COUNTIFS(pbp_PlayType,EM_Type,pbp_BatTeam,$E$5,pbp_Batter,$E$6,pbp_Inning,"9?")*EM_PA) -> 25 | D25: =SUMPRODUCT(COUNTIFS(pbp_PlayType,EM_Type,pbp_BatTeam,$E$5,pbp_Batter,$E$6,pbp_Inning,"7?")*EM_AB)+SUMPRODUCT(COUNTIFS(pbp_PlayType,EM_Type,pbp_BatTeam,$E$5,pbp_Batter,$E$6,pbp_Inning,"8?")*EM_AB)+SUMPRODUCT(COUNTIFS(pbp_PlayType,EM_Type,pbp_BatTeam,$E$5,pbp_Batter,$E$6,pbp_Inning,"9?")*EM_AB) -> 22 | E25: =SUMPRODUCT(COUNTIFS(pbp_PlayType,EM_Type,pbp_BatTeam,$E$5,pbp_Batter,$E$6,pbp_Inning,"7?")*EM_H)+SUMPRODUCT(COUNTIFS(pbp_PlayType,EM_Type,pbp_BatTeam,$E$5,pbp_Batter,$E$6,pbp_Inning,"8?")*EM_H)+SUMPRODUCT(COUNTIFS(pbp_PlayType,EM_Type,pbp_BatTeam,$E$5,pbp_Batter,$E$6,pbp_Inning,"9?")*EM_H) -> 5 | F25: =SUMPRODUCT(COUNTIFS(pbp_PlayType,EM_Type,pbp_BatTeam,$E$5,pbp_Batter,$E$6,pbp_Inning,"7?")*EM_1B)+SUMPRODUCT(COUNTIFS(pbp_PlayType,EM_Type,pbp_BatTeam,$E$5,pbp_Batter,$E$6,pbp_Inning,"8?")*EM_1B)+SUMPRODUCT(COUNTIFS(pbp_PlayType,EM_Type,pbp_BatTeam,$E$5,pbp_Batter,$E$6,pbp_Inning,"9?")*EM_1B)+2*(SUMPRODUCT(COUNTIFS(pbp_PlayType,EM_Type,pbp_BatTeam,$E$5,pbp_Batter,$E$6,pbp_Inning,"7?")*EM_2B)+SUMPRODUCT(COUNTIFS(pbp_PlayType,EM_Type,pbp_BatTeam,$E$5,pbp_Batter,$E$6,pbp_Inning,"8?")*EM_2B)+SUMPRODUCT(COUNTIFS(pbp_PlayType,EM_Type,pbp_BatTeam,$E$5,pbp_Batter,$E$6,pbp_Inning,"9?")*EM_2B))+3*(SUMPRODUCT(COUNTIFS(pbp_PlayType,EM_Type,pbp_BatTeam,$E$5,pbp_Batter,$E$6,pbp_Inning,"7?")*EM_3B)+SUMPRODUCT(COUNTIFS(pbp_PlayType,EM_Type,pbp_BatTeam,$E$5,pbp_Batter,$E$6,pbp_Inning,"8?")*EM_3B)+SUMPRODUCT(COUNTIFS(pbp_PlayType,EM_Type,pbp_BatTeam,$E$5,pbp_Batter,$E$6,pbp_Inning,"9?")*EM_3B))+4*(SUMPRODUCT(COUNTIFS(pbp_PlayType,EM_Type,pbp_BatTeam,$E$5,pbp_Batter,$E$6,pbp_Inning,"7?")*EM_HR)+SUMPRODUCT(COUNTIFS(pbp_PlayType,EM_Type,pbp_BatTeam,$E$5,pbp_Batter,$E$6,pbp_Inning,"8?")*EM_HR)+SUMPRODUCT(COUNTIFS(pbp_PlayType,EM_Type,pbp_BatTeam,$E$5,pbp_Batter,$E$6,pbp_Inning,"9?")*EM_HR)) -> 12 | G25: =SUMPRODUCT(COUNTIFS(pbp_PlayType,EM_Type,pbp_BatTeam,$E$5,pbp_Batter,$E$6,pbp_Inning,"7?")*EM_HR)+SUMPRODUCT(COUNTIFS(pbp_PlayType,EM_Type,pbp_BatTeam,$E$5,pbp_Batter,$E$6,pbp_Inning,"8?")*EM_HR)+SUMPRODUCT(COUNTIFS(pbp_PlayType,EM_Type,pbp_BatTeam,$E$5,pbp_Batter,$E$6,pbp_Inning,"9?")*EM_HR) -> 2 | H25: =SUMPRODUCT(COUNTIFS(pbp_PlayType,EM_Type,pbp_BatTeam,$E$5,pbp_Batter,$E$6,pbp_Inning,"7?")*EM_BB)+SUMPRODUCT(COUNTIFS(pbp_PlayType,EM_Type,pbp_BatTeam,$E$5,pbp_Batter,$E$6,pbp_Inning,"8?")*EM_BB)+SUMPRODUCT(COUNTIFS(pbp_PlayType,EM_Type,pbp_BatTeam,$E$5,pbp_Batter,$E$6,pbp_Inning,"9?")*EM_BB) -> 2 | I25: =SUMPRODUCT(COUNTIFS(pbp_PlayType,EM_Type,pbp_BatTeam,$E$5,pbp_Batter,$E$6,pbp_Inning,"7?")*EM_HBP)+SUMPRODUCT(COUNTIFS(pbp_PlayType,EM_Type,pbp_BatTeam,$E$5,pbp_Batter,$E$6,pbp_Inning,"8?")*EM_HBP)+SUMPRODUCT(COUNTIFS(pbp_PlayType,EM_Type,pbp_BatTeam,$E$5,pbp_Batter,$E$6,pbp_Inning,"9?")*EM_HBP) -> 1 | J25: =SUMPRODUCT(COUNTIFS(pbp_PlayType,EM_Type,pbp_BatTeam,$E$5,pbp_Batter,$E$6,pbp_Inning,"7?")*EM_SF)+SUMPRODUCT(COUNTIFS(pbp_PlayType,EM_Type,pbp_BatTeam,$E$5,pbp_Batter,$E$6,pbp_Inning,"8?")*EM_SF)+SUMPRODUCT(COUNTIFS(pbp_PlayType,EM_Type,pbp_BatTeam,$E$5,pbp_Batter,$E$6,pbp_Inning,"9?")*EM_SF) -> 0 | K25: =COUNTIFS(pbp_PlayType,"?*",pbp_Desc,"*struck out*",pbp_BatTeam,$E$5,pbp_Batter,$E$6,pbp_Inning,"7?")+COUNTIFS(pbp_PlayType,"?*",pbp_Desc,"*struck out*",pbp_BatTeam,$E$5,pbp_Batter,$E$6,pbp_Inning,"8?")+COUNTIFS(pbp_PlayType,"?*",pbp_Desc,"*struck out*",pbp_BatTeam,$E$5,pbp_Batter,$E$6,pbp_Inning,"9?") -> 6 | L25: =IF((D25)=0,"",(E25)/(D25)) -> 0.22727273 | M25: =IF(((D25+H25+I25+J25))=0,"",((E25+H25+I25))/((D25+H25+I25+J25))) -> 0.32 | N25: =IF((D25)=0,"",(F25)/(D25)) -> 0.54545455 | O25: =IF(D25=0,"",M25+N25) -> 0.86545455 | P25: =IF((C25)=0,"",(K25)/(C25)) -> 0.24 | Q25: =IF((C25)=0,"",(H25)/(C25)) -> 0.08 | R25: =IF(($C$9)=0,"",(C25)/($C$9)) -> 0.25252525
B26: Extra innings | C26: =SUMPRODUCT(COUNTIFS(pbp_PlayType,EM_Type,pbp_BatTeam,$E$5,pbp_Batter,$E$6,pbp_Inning,"1??")*EM_PA) -> 17 | D26: =SUMPRODUCT(COUNTIFS(pbp_PlayType,EM_Type,pbp_BatTeam,$E$5,pbp_Batter,$E$6,pbp_Inning,"1??")*EM_AB) -> 13 | E26: =SUMPRODUCT(COUNTIFS(pbp_PlayType,EM_Type,pbp_BatTeam,$E$5,pbp_Batter,$E$6,pbp_Inning,"1??")*EM_H) -> 3 | F26: =SUMPRODUCT(COUNTIFS(pbp_PlayType,EM_Type,pbp_BatTeam,$E$5,pbp_Batter,$E$6,pbp_Inning,"1??")*EM_1B)+2*(SUMPRODUCT(COUNTIFS(pbp_PlayType,EM_Type,pbp_BatTeam,$E$5,pbp_Batter,$E$6,pbp_Inning,"1??")*EM_2B))+3*(SUMPRODUCT(COUNTIFS(pbp_PlayType,EM_Type,pbp_BatTeam,$E$5,pbp_Batter,$E$6,pbp_Inning,"1??")*EM_3B))+4*(SUMPRODUCT(COUNTIFS(pbp_PlayType,EM_Type,pbp_BatTeam,$E$5,pbp_Batter,$E$6,pbp_Inning,"1??")*EM_HR)) -> 7 | G26: =SUMPRODUCT(COUNTIFS(pbp_PlayType,EM_Type,pbp_BatTeam,$E$5,pbp_Batter,$E$6,pbp_Inning,"1??")*EM_HR) -> 1 | H26: =SUMPRODUCT(COUNTIFS(pbp_PlayType,EM_Type,pbp_BatTeam,$E$5,pbp_Batter,$E$6,pbp_Inning,"1??")*EM_BB) -> 3 | I26: =SUMPRODUCT(COUNTIFS(pbp_PlayType,EM_Type,pbp_BatTeam,$E$5,pbp_Batter,$E$6,pbp_Inning,"1??")*EM_HBP) -> 0 | J26: =SUMPRODUCT(COUNTIFS(pbp_PlayType,EM_Type,pbp_BatTeam,$E$5,pbp_Batter,$E$6,pbp_Inning,"1??")*EM_SF) -> 0 | K26: =COUNTIFS(pbp_PlayType,"?*",pbp_Desc,"*struck out*",pbp_BatTeam,$E$5,pbp_Batter,$E$6,pbp_Inning,"1??") -> 1 | L26: =IF((D26)=0,"",(E26)/(D26)) -> 0.23076923 | M26: =IF(((D26+H26+I26+J26))=0,"",((E26+H26+I26))/((D26+H26+I26+J26))) -> 0.375 | N26: =IF((D26)=0,"",(F26)/(D26)) -> 0.53846154 | O26: =IF(D26=0,"",M26+N26) -> 0.91346154 | P26: =IF((C26)=0,"",(K26)/(C26)) -> 0.058823529 | Q26: =IF((C26)=0,"",(H26)/(C26)) -> 0.17647059 | R26: =IF(($C$9)=0,"",(C26)/($C$9)) -> 0.17171717
B28: Pick 'All Teams' / 'All Players' or any name from the drop-downs (you can also type a name). RISP = runner on 2B and/or 3B. Two-strike and full-count splits use the BALLS/STRIKES tracker columns.

Sheet Team Pitching & Defense
B2: Team Pitching & Defense
B3: Run prevention by the fielding team: pitching outcomes, command, defensive efficiency and the running game.
B5: Team | C5: BF | D5: Outs | E5: IP | F5: H | G5: HR | H5: BB | I5: HBP | J5: K | K5: R | L5: AB | M5: SF | N5: Pitches | O5: Pitches / BF | P5: Strike % | Q5: First-Pitch Strike % | R5: K% | S5: BB% | T5: K-BB% | U5: WHIP | V5: FIP | W5: Opp AVG | X5: Opp BABIP | Y5: DER | Z5: BIP | AA5: ROE | AB5: DP Turned | AC5: SB Allowed | AD5: Caught Stealing | AE5: CS% | AF5: WP | AG5: PB
B6: {=IFERROR(INDEX(pbp_PitTeam,MATCH(0,COUNTIF($B$5:B5,pbp_PitTeam),0)),"")} -> Toronto Blue Jays | C6: =IF($B6="","",SUMPRODUCT(COUNTIFS(pbp_PlayType,EM_Type,pbp_PitTeam,$B6)*EM_PA)) -> 48 | D6: =IF($B6="","",SUMIFS(pbp_Outs,pbp_PitTeam,$B6)) -> 33 | E6: =IF($B6="","",INT(D6/3)+MOD(D6,3)/10) -> 11 | F6: =IF($B6="","",SUMPRODUCT(COUNTIFS(pbp_PlayType,EM_Type,pbp_PitTeam,$B6)*EM_H)) -> 11 | G6: =IF($B6="","",SUMPRODUCT(COUNTIFS(pbp_PlayType,EM_Type,pbp_PitTeam,$B6)*EM_HR)) -> 3 | H6: =IF($B6="","",SUMPRODUCT(COUNTIFS(pbp_PlayType,EM_Type,pbp_PitTeam,$B6)*EM_BB)) -> 5 | I6: =IF($B6="","",SUMPRODUCT(COUNTIFS(pbp_PlayType,EM_Type,pbp_PitTeam,$B6)*EM_HBP)) -> 0 | J6: =IF($B6="","",COUNTIFS(pbp_PlayType,"?*",pbp_Desc,"*struck out*",pbp_PitTeam,$B6)) -> 5 | K6: =IF($B6="","",SUMIFS(pbp_Runs,pbp_PitTeam,$B6)) -> 5 | L6: =IF($B6="","",SUMPRODUCT(COUNTIFS(pbp_PlayType,EM_Type,pbp_PitTeam,$B6)*EM_AB)) -> 41 | M6: =IF($B6="","",SUMPRODUCT(COUNTIFS(pbp_PlayType,EM_Type,pbp_PitTeam,$B6)*EM_SF)) -> 2 | N6: =IF($B6="","",SUMIFS(pbp_Pitches,pbp_PitTeam,$B6,pbp_PlayType,"?*")) -> 172 | O6: =IF($B6="","",IF((C6)=0,"",(N6)/(C6))) -> 3.5833333 | P6: =IF($B6="","",IF(C6=0,"",1-SUMPRODUCT((pbp_PitTeam=$B6)*(LEN(pbp_PlayType)>0)*((LEN("/"&SUBSTITUTE(TRIM(pbp_Seq),"/","//")&"/")-LEN(SUBSTITUTE("/"&SUBSTITUTE(TRIM(pbp_Seq),"/","//")&"/","/B/","")))/3+(LEN("/"&SUBSTITUTE(TRIM(pbp_Seq),"/","//")&"/")-LEN(SUBSTITUTE("/"&SUBSTITUTE(TRIM(pbp_Seq),"/","//")&"/","/IB/","")))/4+(LEN("/"&SUBSTITUTE(TRIM(pbp_Seq),"/","//")&"/")-LEN(SUBSTITUTE("/"&SUBSTITUTE(TRIM(pbp_Seq),"/","//")&"/","/HB/","")))/4+(LEN("/"&SUBSTITUTE(TRIM(pbp_Seq),"/","//")&"/")-LEN(SUBSTITUTE("/"&SUBSTITUTE(TRIM(pbp_Seq),"/","//")&"/","/PO/","")))/4))/SUMPRODUCT((pbp_PitTeam=$B6)*(LEN(pbp_PlayType)>0)*((LEN("/"&SUBSTITUTE(TRIM(pbp_Seq),"/","//")&"/")-LEN(SUBSTITUTE("/"&SUBSTITUTE(TRIM(pbp_Seq),"/","//")&"/","/","")))/2-((LEN("/"&SUBSTITUTE(TRIM(pbp_Seq),"/","//")&"/")-LEN(SUBSTITUTE("/"&SUBSTITUTE(TRIM(pbp_Seq),"/","//")&"/","/NP/","")))/4+(LEN("/"&SUBSTITUTE(TRIM(pbp_Seq),"/","//")&"/")-LEN(SUBSTITUTE("/"&SUBSTITUTE(TRIM(pbp_Seq),"/","//")&"/","/POF/","")))/5+(LEN("/"&SUBSTITUTE(TRIM(pbp_Seq),"/","//")&"/")-LEN(SUBSTITUTE("/"&SUBSTITUTE(TRIM(pbp_Seq),"/","//")&"/","/N-A/","")))/5))))) -> 0.60465116 | Q6: =IF($B6="","",IF((SUMPRODUCT((pbp_PitTeam=$B6)*(LEN(pbp_PlayType)>0)))=0,"",(SUMPRODUCT((pbp_PitTeam=$B6)*(LEN(pbp_PlayType)>0)*ISNUMBER(MATCH(LEFT(TRIM(pbp_Seq)&"/",FIND("/",TRIM(pbp_Seq)&"/")-1),{"S","F","FT","FB","IN","MB","POS"},0))))/(SUMPRODUCT((pbp_PitTeam=$B6)*(LEN(pbp_PlayType)>0))))) -> 0.625 | R6: =IF($B6="","",IF((C6)=0,"",(J6)/(C6))) -> 0.10416667 | S6: =IF($B6="","",IF((C6)=0,"",(H6)/(C6))) -> 0.10416667 | T6: =IF($B6="","",IF(C6=0,"",R6-S6)) -> 0 | U6: =IF($B6="","",IF((D6)=0,"",(3*(F6+H6))/(D6))) -> 1.4545455 | V6: =IF($B6="","",IF(D6=0,"",(13*G6+3*(H6+I6)-2*J6)/(D6/3)+FIP_C)) -> 7.1 | W6: =IF($B6="","",IF((L6)=0,"",(F6)/(L6))) -> 0.26829268 | X6: =IF($B6="","",IF(((L6-J6-G6+M6))=0,"",((F6-G6))/((L6-J6-G6+M6)))) -> 0.22857143 | Y6: =IF($B6="","",IF((Z6)=0,"",((Z6-(F6-G6)-AA6))/(Z6))) -> 0.77142857 | Z6: =IF($B6="","",L6-J6-G6+M6) -> 35 | AA6: =IF($B6="","",SUMPRODUCT(COUNTIFS(pbp_PlayType,EM_Type,pbp_PitTeam,$B6)*EM_ROE)) -> 0 | AB6: =IF($B6="","",SUMPRODUCT(COUNTIFS(pbp_PlayType,EM_Type,pbp_PitTeam,$B6)*EM_DP)) -> 1 | AC6: =IF($B6="","",SUMIFS(pbp_SB,pbp_PitTeam,$B6)) -> 0 | AD6: =IF($B6="","",SUMIFS(pbp_CS,pbp_PitTeam,$B6)) -> 0 | AE6: =IF($B6="","",IF(((AC6+AD6))=0,"",(AD6)/((AC6+AD6)))) | AF6: =IF($B6="","",SUMIFS(pbp_WP,pbp_PitTeam,$B6)) -> 0 | AG6: =IF($B6="","",SUMIFS(pbp_PB,pbp_PitTeam,$B6)) -> 0
B7: {=IFERROR(INDEX(pbp_PitTeam,MATCH(0,COUNTIF($B$5:B6,pbp_PitTeam),0)),"")} -> Los Angeles Dodgers | C7: =IF($B7="","",SUMPRODUCT(COUNTIFS(pbp_PlayType,EM_Type,pbp_PitTeam,$B7)*EM_PA)) -> 51 | D7: =IF($B7="","",SUMIFS(pbp_Outs,pbp_PitTeam,$B7)) -> 33 | E7: =IF($B7="","",INT(D7/3)+MOD(D7,3)/10) -> 11 | F7: =IF($B7="","",SUMPRODUCT(COUNTIFS(pbp_PlayType,EM_Type,pbp_PitTeam,$B7)*EM_H)) -> 14 | G7: =IF($B7="","",SUMPRODUCT(COUNTIFS(pbp_PlayType,EM_Type,pbp_PitTeam,$B7)*EM_HR)) -> 1 | H7: =IF($B7="","",SUMPRODUCT(COUNTIFS(pbp_PlayType,EM_Type,pbp_PitTeam,$B7)*EM_BB)) -> 4 | I7: =IF($B7="","",SUMPRODUCT(COUNTIFS(pbp_PlayType,EM_Type,pbp_PitTeam,$B7)*EM_HBP)) -> 2 | J7: =IF($B7="","",COUNTIFS(pbp_PlayType,"?*",pbp_Desc,"*struck out*",pbp_PitTeam,$B7)) -> 12 | K7: =IF($B7="","",SUMIFS(pbp_Runs,pbp_PitTeam,$B7)) -> 4 | L7: =IF($B7="","",SUMPRODUCT(COUNTIFS(pbp_PlayType,EM_Type,pbp_PitTeam,$B7)*EM_AB)) -> 43 | M7: =IF($B7="","",SUMPRODUCT(COUNTIFS(pbp_PlayType,EM_Type,pbp_PitTeam,$B7)*EM_SF)) -> 0 | N7: =IF($B7="","",SUMIFS(pbp_Pitches,pbp_PitTeam,$B7,pbp_PlayType,"?*")) -> 192 | O7: =IF($B7="","",IF((C7)=0,"",(N7)/(C7))) -> 3.7647059 | P7: =IF($B7="","",IF(C7=0,"",1-SUMPRODUCT((pbp_PitTeam=$B7)*(LEN(pbp_PlayType)>0)*((LEN("/"&SUBSTITUTE(TRIM(pbp_Seq),"/","//")&"/")-LEN(SUBSTITUTE("/"&SUBSTITUTE(TRIM(pbp_Seq),"/","//")&"/","/B/","")))/3+(LEN("/"&SUBSTITUTE(TRIM(pbp_Seq),"/","//")&"/")-LEN(SUBSTITUTE("/"&SUBSTITUTE(TRIM(pbp_Seq),"/","//")&"/","/IB/","")))/4+(LEN("/"&SUBSTITUTE(TRIM(pbp_Seq),"/","//")&"/")-LEN(SUBSTITUTE("/"&SUBSTITUTE(TRIM(pbp_Seq),"/","//")&"/","/HB/","")))/4+(LEN("/"&SUBSTITUTE(TRIM(pbp_Seq),"/","//")&"/")-LEN(SUBSTITUTE("/"&SUBSTITUTE(TRIM(pbp_Seq),"/","//")&"/","/PO/","")))/4))/SUMPRODUCT((pbp_PitTeam=$B7)*(LEN(pbp_PlayType)>0)*((LEN("/"&SUBSTITUTE(TRIM(pbp_Seq),"/","//")&"/")-LEN(SUBSTITUTE("/"&SUBSTITUTE(TRIM(pbp_Seq),"/","//")&"/","/","")))/2-((LEN("/"&SUBSTITUTE(TRIM(pbp_Seq),"/","//")&"/")-LEN(SUBSTITUTE("/"&SUBSTITUTE(TRIM(pbp_Seq),"/","//")&"/","/NP/","")))/4+(LEN("/"&SUBSTITUTE(TRIM(pbp_Seq),"/","//")&"/")-LEN(SUBSTITUTE("/"&SUBSTITUTE(TRIM(pbp_Seq),"/","//")&"/","/POF/","")))/5+(LEN("/"&SUBSTITUTE(TRIM(pbp_Seq),"/","//")&"/")-LEN(SUBSTITUTE("/"&SUBSTITUTE(TRIM(pbp_Seq),"/","//")&"/","/N-A/","")))/5))))) -> 0.61538462 | Q7: =IF($B7="","",IF((SUMPRODUCT((pbp_PitTeam=$B7)*(LEN(pbp_PlayType)>0)))=0,"",(SUMPRODUCT((pbp_PitTeam=$B7)*(LEN(pbp_PlayType)>0)*ISNUMBER(MATCH(LEFT(TRIM(pbp_Seq)&"/",FIND("/",TRIM(pbp_Seq)&"/")-1),{"S","F","FT","FB","IN","MB","POS"},0))))/(SUMPRODUCT((pbp_PitTeam=$B7)*(LEN(pbp_PlayType)>0))))) -> 0.54901961 | R7: =IF($B7="","",IF((C7)=0,"",(J7)/(C7))) -> 0.23529412 | S7: =IF($B7="","",IF((C7)=0,"",(H7)/(C7))) -> 0.078431373 | T7: =IF($B7="","",IF(C7=0,"",R7-S7)) -> 0.15686275 | U7: =IF($B7="","",IF((D7)=0,"",(3*(F7+H7))/(D7))) -> 1.6363636 | V7: =IF($B7="","",IF(D7=0,"",(13*G7+3*(H7+I7)-2*J7)/(D7/3)+FIP_C)) -> 3.7363636 | W7: =IF($B7="","",IF((L7)=0,"",(F7)/(L7))) -> 0.3255814 | X7: =IF($B7="","",IF(((L7-J7-G7+M7))=0,"",((F7-G7))/((L7-J7-G7+M7)))) -> 0.43333333 | Y7: =IF($B7="","",IF((Z7)=0,"",((Z7-(F7-G7)-AA7))/(Z7))) -> 0.56666667 | Z7: =IF($B7="","",L7-J7-G7+M7) -> 30 | AA7: =IF($B7="","",SUMPRODUCT(COUNTIFS(pbp_PlayType,EM_Type,pbp_PitTeam,$B7)*EM_ROE)) -> 0 | AB7: =IF($B7="","",SUMPRODUCT(COUNTIFS(pbp_PlayType,EM_Type,pbp_PitTeam,$B7)*EM_DP)) -> 2 | AC7: =IF($B7="","",SUMIFS(pbp_SB,pbp_PitTeam,$B7)) -> 1 | AD7: =IF($B7="","",SUMIFS(pbp_CS,pbp_PitTeam,$B7)) -> 1 | AE7: =IF($B7="","",IF(((AC7+AD7))=0,"",(AD7)/((AC7+AD7)))) -> 0.5 | AF7: =IF($B7="","",SUMIFS(pbp_WP,pbp_PitTeam,$B7)) -> 1 | AG7: =IF($B7="","",SUMIFS(pbp_PB,pbp_PitTeam,$B7)) -> 0
B8: {=IFERROR(INDEX(pbp_PitTeam,MATCH(0,COUNTIF($B$5:B7,pbp_PitTeam),0)),"")} | C8: =IF($B8="","",SUMPRODUCT(COUNTIFS(pbp_PlayType,EM_Type,pbp_PitTeam,$B8)*EM_PA)) | D8: =IF($B8="","",SUMIFS(pbp_Outs,pbp_PitTeam,$B8)) | E8: =IF($B8="","",INT(D8/3)+MOD(D8,3)/10) | F8: =IF($B8="","",SUMPRODUCT(COUNTIFS(pbp_PlayType,EM_Type,pbp_PitTeam,$B8)*EM_H)) | G8: =IF($B8="","",SUMPRODUCT(COUNTIFS(pbp_PlayType,EM_Type,pbp_PitTeam,$B8)*EM_HR)) | H8: =IF($B8="","",SUMPRODUCT(COUNTIFS(pbp_PlayType,EM_Type,pbp_PitTeam,$B8)*EM_BB)) | I8: =IF($B8="","",SUMPRODUCT(COUNTIFS(pbp_PlayType,EM_Type,pbp_PitTeam,$B8)*EM_HBP)) | J8: =IF($B8="","",COUNTIFS(pbp_PlayType,"?*",pbp_Desc,"*struck out*",pbp_PitTeam,$B8)) | K8: =IF($B8="","",SUMIFS(pbp_Runs,pbp_PitTeam,$B8)) | L8: =IF($B8="","",SUMPRODUCT(COUNTIFS(pbp_PlayType,EM_Type,pbp_PitTeam,$B8)*EM_AB)) | M8: =IF($B8="","",SUMPRODUCT(COUNTIFS(pbp_PlayType,EM_Type,pbp_PitTeam,$B8)*EM_SF)) | N8: =IF($B8="","",SUMIFS(pbp_Pitches,pbp_PitTeam,$B8,pbp_PlayType,"?*")) | O8: =IF($B8="","",IF((C8)=0,"",(N8)/(C8))) | P8: =IF($B8="","",IF(C8=0,"",1-SUMPRODUCT((pbp_PitTeam=$B8)*(LEN(pbp_PlayType)>0)*((LEN("/"&SUBSTITUTE(TRIM(pbp_Seq),"/","//")&"/")-LEN(SUBSTITUTE("/"&SUBSTITUTE(TRIM(pbp_Seq),"/","//")&"/","/B/","")))/3+(LEN("/"&SUBSTITUTE(TRIM(pbp_Seq),"/","//")&"/")-LEN(SUBSTITUTE("/"&SUBSTITUTE(TRIM(pbp_Seq),"/","//")&"/","/IB/","")))/4+(LEN("/"&SUBSTITUTE(TRIM(pbp_Seq),"/","//")&"/")-LEN(SUBSTITUTE("/"&SUBSTITUTE(TRIM(pbp_Seq),"/","//")&"/","/HB/","")))/4+(LEN("/"&SUBSTITUTE(TRIM(pbp_Seq),"/","//")&"/")-LEN(SUBSTITUTE("/"&SUBSTITUTE(TRIM(pbp_Seq),"/","//")&"/","/PO/","")))/4))/SUMPRODUCT((pbp_PitTeam=$B8)*(LEN(pbp_PlayType)>0)*((LEN("/"&SUBSTITUTE(TRIM(pbp_Seq),"/","//")&"/")-LEN(SUBSTITUTE("/"&SUBSTITUTE(TRIM(pbp_Seq),"/","//")&"/","/","")))/2-((LEN("/"&SUBSTITUTE(TRIM(pbp_Seq),"/","//")&"/")-LEN(SUBSTITUTE("/"&SUBSTITUTE(TRIM(pbp_Seq),"/","//")&"/","/NP/","")))/4+(LEN("/"&SUBSTITUTE(TRIM(pbp_Seq),"/","//")&"/")-LEN(SUBSTITUTE("/"&SUBSTITUTE(TRIM(pbp_Seq),"/","//")&"/","/POF/","")))/5+(LEN("/"&SUBSTITUTE(TRIM(pbp_Seq),"/","//")&"/")-LEN(SUBSTITUTE("/"&SUBSTITUTE(TRIM(pbp_Seq),"/","//")&"/","/N-A/","")))/5))))) | Q8: =IF($B8="","",IF((SUMPRODUCT((pbp_PitTeam=$B8)*(LEN(pbp_PlayType)>0)))=0,"",(SUMPRODUCT((pbp_PitTeam=$B8)*(LEN(pbp_PlayType)>0)*ISNUMBER(MATCH(LEFT(TRIM(pbp_Seq)&"/",FIND("/",TRIM(pbp_Seq)&"/")-1),{"S","F","FT","FB","IN","MB","POS"},0))))/(SUMPRODUCT((pbp_PitTeam=$B8)*(LEN(pbp_PlayType)>0))))) | R8: =IF($B8="","",IF((C8)=0,"",(J8)/(C8))) | S8: =IF($B8="","",IF((C8)=0,"",(H8)/(C8))) | T8: =IF($B8="","",IF(C8=0,"",R8-S8)) | U8: =IF($B8="","",IF((D8)=0,"",(3*(F8+H8))/(D8))) | V8: =IF($B8="","",IF(D8=0,"",(13*G8+3*(H8+I8)-2*J8)/(D8/3)+FIP_C)) | W8: =IF($B8="","",IF((L8)=0,"",(F8)/(L8))) | X8: =IF($B8="","",IF(((L8-J8-G8+M8))=0,"",((F8-G8))/((L8-J8-G8+M8)))) | Y8: =IF($B8="","",IF((Z8)=0,"",((Z8-(F8-G8)-AA8))/(Z8))) | Z8: =IF($B8="","",L8-J8-G8+M8) | AA8: =IF($B8="","",SUMPRODUCT(COUNTIFS(pbp_PlayType,EM_Type,pbp_PitTeam,$B8)*EM_ROE)) | AB8: =IF($B8="","",SUMPRODUCT(COUNTIFS(pbp_PlayType,EM_Type,pbp_PitTeam,$B8)*EM_DP)) | AC8: =IF($B8="","",SUMIFS(pbp_SB,pbp_PitTeam,$B8)) | AD8: =IF($B8="","",SUMIFS(pbp_CS,pbp_PitTeam,$B8)) | AE8: =IF($B8="","",IF(((AC8+AD8))=0,"",(AD8)/((AC8+AD8)))) | AF8: =IF($B8="","",SUMIFS(pbp_WP,pbp_PitTeam,$B8)) | AG8: =IF($B8="","",SUMIFS(pbp_PB,pbp_PitTeam,$B8))
B9: {=IFERROR(INDEX(pbp_PitTeam,MATCH(0,COUNTIF($B$5:B8,pbp_PitTeam),0)),"")} | C9: =IF($B9="","",SUMPRODUCT(COUNTIFS(pbp_PlayType,EM_Type,pbp_PitTeam,$B9)*EM_PA)) | D9: =IF($B9="","",SUMIFS(pbp_Outs,pbp_PitTeam,$B9)) | E9: =IF($B9="","",INT(D9/3)+MOD(D9,3)/10) | F9: =IF($B9="","",SUMPRODUCT(COUNTIFS(pbp_PlayType,EM_Type,pbp_PitTeam,$B9)*EM_H)) | G9: =IF($B9="","",SUMPRODUCT(COUNTIFS(pbp_PlayType,EM_Type,pbp_PitTeam,$B9)*EM_HR)) | H9: =IF($B9="","",SUMPRODUCT(COUNTIFS(pbp_PlayType,EM_Type,pbp_PitTeam,$B9)*EM_BB)) | I9: =IF($B9="","",SUMPRODUCT(COUNTIFS(pbp_PlayType,EM_Type,pbp_PitTeam,$B9)*EM_HBP)) | J9: =IF($B9="","",COUNTIFS(pbp_PlayType,"?*",pbp_Desc,"*struck out*",pbp_PitTeam,$B9)) | K9: =IF($B9="","",SUMIFS(pbp_Runs,pbp_PitTeam,$B9)) | L9: =IF($B9="","",SUMPRODUCT(COUNTIFS(pbp_PlayType,EM_Type,pbp_PitTeam,$B9)*EM_AB)) | M9: =IF($B9="","",SUMPRODUCT(COUNTIFS(pbp_PlayType,EM_Type,pbp_PitTeam,$B9)*EM_SF)) | N9: =IF($B9="","",SUMIFS(pbp_Pitches,pbp_PitTeam,$B9,pbp_PlayType,"?*")) | O9: =IF($B9="","",IF((C9)=0,"",(N9)/(C9))) | P9: =IF($B9="","",IF(C9=0,"",1-SUMPRODUCT((pbp_PitTeam=$B9)*(LEN(pbp_PlayType)>0)*((LEN("/"&SUBSTITUTE(TRIM(pbp_Seq),"/","//")&"/")-LEN(SUBSTITUTE("/"&SUBSTITUTE(TRIM(pbp_Seq),"/","//")&"/","/B/","")))/3+(LEN("/"&SUBSTITUTE(TRIM(pbp_Seq),"/","//")&"/")-LEN(SUBSTITUTE("/"&SUBSTITUTE(TRIM(pbp_Seq),"/","//")&"/","/IB/","")))/4+(LEN("/"&SUBSTITUTE(TRIM(pbp_Seq),"/","//")&"/")-LEN(SUBSTITUTE("/"&SUBSTITUTE(TRIM(pbp_Seq),"/","//")&"/","/HB/","")))/4+(LEN("/"&SUBSTITUTE(TRIM(pbp_Seq),"/","//")&"/")-LEN(SUBSTITUTE("/"&SUBSTITUTE(TRIM(pbp_Seq),"/","//")&"/","/PO/","")))/4))/SUMPRODUCT((pbp_PitTeam=$B9)*(LEN(pbp_PlayType)>0)*((LEN("/"&SUBSTITUTE(TRIM(pbp_Seq),"/","//")&"/")-LEN(SUBSTITUTE("/"&SUBSTITUTE(TRIM(pbp_Seq),"/","//")&"/","/","")))/2-((LEN("/"&SUBSTITUTE(TRIM(pbp_Seq),"/","//")&"/")-LEN(SUBSTITUTE("/"&SUBSTITUTE(TRIM(pbp_Seq),"/","//")&"/","/NP/","")))/4+(LEN("/"&SUBSTITUTE(TRIM(pbp_Seq),"/","//")&"/")-LEN(SUBSTITUTE("/"&SUBSTITUTE(TRIM(pbp_Seq),"/","//")&"/","/POF/","")))/5+(LEN("/"&SUBSTITUTE(TRIM(pbp_Seq),"/","//")&"/")-LEN(SUBSTITUTE("/"&SUBSTITUTE(TRIM(pbp_Seq),"/","//")&"/","/N-A/","")))/5))))) | Q9: =IF($B9="","",IF((SUMPRODUCT((pbp_PitTeam=$B9)*(LEN(pbp_PlayType)>0)))=0,"",(SUMPRODUCT((pbp_PitTeam=$B9)*(LEN(pbp_PlayType)>0)*ISNUMBER(MATCH(LEFT(TRIM(pbp_Seq)&"/",FIND("/",TRIM(pbp_Seq)&"/")-1),{"S","F","FT","FB","IN","MB","POS"},0))))/(SUMPRODUCT((pbp_PitTeam=$B9)*(LEN(pbp_PlayType)>0))))) | R9: =IF($B9="","",IF((C9)=0,"",(J9)/(C9))) | S9: =IF($B9="","",IF((C9)=0,"",(H9)/(C9))) | T9: =IF($B9="","",IF(C9=0,"",R9-S9)) | U9: =IF($B9="","",IF((D9)=0,"",(3*(F9+H9))/(D9))) | V9: =IF($B9="","",IF(D9=0,"",(13*G9+3*(H9+I9)-2*J9)/(D9/3)+FIP_C)) | W9: =IF($B9="","",IF((L9)=0,"",(F9)/(L9))) | X9: =IF($B9="","",IF(((L9-J9-G9+M9))=0,"",((F9-G9))/((L9-J9-G9+M9)))) | Y9: =IF($B9="","",IF((Z9)=0,"",((Z9-(F9-G9)-AA9))/(Z9))) | Z9: =IF($B9="","",L9-J9-G9+M9) | AA9: =IF($B9="","",SUMPRODUCT(COUNTIFS(pbp_PlayType,EM_Type,pbp_PitTeam,$B9)*EM_ROE)) | AB9: =IF($B9="","",SUMPRODUCT(COUNTIFS(pbp_PlayType,EM_Type,pbp_PitTeam,$B9)*EM_DP)) | AC9: =IF($B9="","",SUMIFS(pbp_SB,pbp_PitTeam,$B9)) | AD9: =IF($B9="","",SUMIFS(pbp_CS,pbp_PitTeam,$B9)) | AE9: =IF($B9="","",IF(((AC9+AD9))=0,"",(AD9)/((AC9+AD9)))) | AF9: =IF($B9="","",SUMIFS(pbp_WP,pbp_PitTeam,$B9)) | AG9: =IF($B9="","",SUMIFS(pbp_PB,pbp_PitTeam,$B9))
B10: {=IFERROR(INDEX(pbp_PitTeam,MATCH(0,COUNTIF($B$5:B9,pbp_PitTeam),0)),"")} | C10: =IF($B10="","",SUMPRODUCT(COUNTIFS(pbp_PlayType,EM_Type,pbp_PitTeam,$B10)*EM_PA)) | D10: =IF($B10="","",SUMIFS(pbp_Outs,pbp_PitTeam,$B10)) | E10: =IF($B10="","",INT(D10/3)+MOD(D10,3)/10) | F10: =IF($B10="","",SUMPRODUCT(COUNTIFS(pbp_PlayType,EM_Type,pbp_PitTeam,$B10)*EM_H)) | G10: =IF($B10="","",SUMPRODUCT(COUNTIFS(pbp_PlayType,EM_Type,pbp_PitTeam,$B10)*EM_HR)) | H10: =IF($B10="","",SUMPRODUCT(COUNTIFS(pbp_PlayType,EM_Type,pbp_PitTeam,$B10)*EM_BB)) | I10: =IF($B10="","",SUMPRODUCT(COUNTIFS(pbp_PlayType,EM_Type,pbp_PitTeam,$B10)*EM_HBP)) | J10: =IF($B10="","",COUNTIFS(pbp_PlayType,"?*",pbp_Desc,"*struck out*",pbp_PitTeam,$B10)) | K10: =IF($B10="","",SUMIFS(pbp_Runs,pbp_PitTeam,$B10)) | L10: =IF($B10="","",SUMPRODUCT(COUNTIFS(pbp_PlayType,EM_Type,pbp_PitTeam,$B10)*EM_AB)) | M10: =IF($B10="","",SUMPRODUCT(COUNTIFS(pbp_PlayType,EM_Type,pbp_PitTeam,$B10)*EM_SF)) | N10: =IF($B10="","",SUMIFS(pbp_Pitches,pbp_PitTeam,$B10,pbp_PlayType,"?*")) | O10: =IF($B10="","",IF((C10)=0,"",(N10)/(C10))) | P10: =IF($B10="","",IF(C10=0,"",1-SUMPRODUCT((pbp_PitTeam=$B10)*(LEN(pbp_PlayType)>0)*((LEN("/"&SUBSTITUTE(TRIM(pbp_Seq),"/","//")&"/")-LEN(SUBSTITUTE("/"&SUBSTITUTE(TRIM(pbp_Seq),"/","//")&"/","/B/","")))/3+(LEN("/"&SUBSTITUTE(TRIM(pbp_Seq),"/","//")&"/")-LEN(SUBSTITUTE("/"&SUBSTITUTE(TRIM(pbp_Seq),"/","//")&"/","/IB/","")))/4+(LEN("/"&SUBSTITUTE(TRIM(pbp_Seq),"/","//")&"/")-LEN(SUBSTITUTE("/"&SUBSTITUTE(TRIM(pbp_Seq),"/","//")&"/","/HB/","")))/4+(LEN("/"&SUBSTITUTE(TRIM(pbp_Seq),"/","//")&"/")-LEN(SUBSTITUTE("/"&SUBSTITUTE(TRIM(pbp_Seq),"/","//")&"/","/PO/","")))/4))/SUMPRODUCT((pbp_PitTeam=$B10)*(LEN(pbp_PlayType)>0)*((LEN("/"&SUBSTITUTE(TRIM(pbp_Seq),"/","//")&"/")-LEN(SUBSTITUTE("/"&SUBSTITUTE(TRIM(pbp_Seq),"/","//")&"/","/","")))/2-((LEN("/"&SUBSTITUTE(TRIM(pbp_Seq),"/","//")&"/")-LEN(SUBSTITUTE("/"&SUBSTITUTE(TRIM(pbp_Seq),"/","//")&"/","/NP/","")))/4+(LEN("/"&SUBSTITUTE(TRIM(pbp_Seq),"/","//")&"/")-LEN(SUBSTITUTE("/"&SUBSTITUTE(TRIM(pbp_Seq),"/","//")&"/","/POF/","")))/5+(LEN("/"&SUBSTITUTE(TRIM(pbp_Seq),"/","//")&"/")-LEN(SUBSTITUTE("/"&SUBSTITUTE(TRIM(pbp_Seq),"/","//")&"/","/N-A/","")))/5))))) | Q10: =IF($B10="","",IF((SUMPRODUCT((pbp_PitTeam=$B10)*(LEN(pbp_PlayType)>0)))=0,"",(SUMPRODUCT((pbp_PitTeam=$B10)*(LEN(pbp_PlayType)>0)*ISNUMBER(MATCH(LEFT(TRIM(pbp_Seq)&"/",FIND("/",TRIM(pbp_Seq)&"/")-1),{"S","F","FT","FB","IN","MB","POS"},0))))/(SUMPRODUCT((pbp_PitTeam=$B10)*(LEN(pbp_PlayType)>0))))) | R10: =IF($B10="","",IF((C10)=0,"",(J10)/(C10))) | S10: =IF($B10="","",IF((C10)=0,"",(H10)/(C10))) | T10: =IF($B10="","",IF(C10=0,"",R10-S10)) | U10: =IF($B10="","",IF((D10)=0,"",(3*(F10+H10))/(D10))) | V10: =IF($B10="","",IF(D10=0,"",(13*G10+3*(H10+I10)-2*J10)/(D10/3)+FIP_C)) | W10: =IF($B10="","",IF((L10)=0,"",(F10)/(L10))) | X10: =IF($B10="","",IF(((L10-J10-G10+M10))=0,"",((F10-G10))/((L10-J10-G10+M10)))) | Y10: =IF($B10="","",IF((Z10)=0,"",((Z10-(F10-G10)-AA10))/(Z10))) | Z10: =IF($B10="","",L10-J10-G10+M10) | AA10: =IF($B10="","",SUMPRODUCT(COUNTIFS(pbp_PlayType,EM_Type,pbp_PitTeam,$B10)*EM_ROE)) | AB10: =IF($B10="","",SUMPRODUCT(COUNTIFS(pbp_PlayType,EM_Type,pbp_PitTeam,$B10)*EM_DP)) | AC10: =IF($B10="","",SUMIFS(pbp_SB,pbp_PitTeam,$B10)) | AD10: =IF($B10="","",SUMIFS(pbp_CS,pbp_PitTeam,$B10)) | AE10: =IF($B10="","",IF(((AC10+AD10))=0,"",(AD10)/((AC10+AD10)))) | AF10: =IF($B10="","",SUMIFS(pbp_WP,pbp_PitTeam,$B10)) | AG10: =IF($B10="","",SUMIFS(pbp_PB,pbp_PitTeam,$B10))
B11: {=IFERROR(INDEX(pbp_PitTeam,MATCH(0,COUNTIF($B$5:B10,pbp_PitTeam),0)),"")} | C11: =IF($B11="","",SUMPRODUCT(COUNTIFS(pbp_PlayType,EM_Type,pbp_PitTeam,$B11)*EM_PA)) | D11: =IF($B11="","",SUMIFS(pbp_Outs,pbp_PitTeam,$B11)) | E11: =IF($B11="","",INT(D11/3)+MOD(D11,3)/10) | F11: =IF($B11="","",SUMPRODUCT(COUNTIFS(pbp_PlayType,EM_Type,pbp_PitTeam,$B11)*EM_H)) | G11: =IF($B11="","",SUMPRODUCT(COUNTIFS(pbp_PlayType,EM_Type,pbp_PitTeam,$B11)*EM_HR)) | H11: =IF($B11="","",SUMPRODUCT(COUNTIFS(pbp_PlayType,EM_Type,pbp_PitTeam,$B11)*EM_BB)) | I11: =IF($B11="","",SUMPRODUCT(COUNTIFS(pbp_PlayType,EM_Type,pbp_PitTeam,$B11)*EM_HBP)) | J11: =IF($B11="","",COUNTIFS(pbp_PlayType,"?*",pbp_Desc,"*struck out*",pbp_PitTeam,$B11)) | K11: =IF($B11="","",SUMIFS(pbp_Runs,pbp_PitTeam,$B11)) | L11: =IF($B11="","",SUMPRODUCT(COUNTIFS(pbp_PlayType,EM_Type,pbp_PitTeam,$B11)*EM_AB)) | M11: =IF($B11="","",SUMPRODUCT(COUNTIFS(pbp_PlayType,EM_Type,pbp_PitTeam,$B11)*EM_SF)) | N11: =IF($B11="","",SUMIFS(pbp_Pitches,pbp_PitTeam,$B11,pbp_PlayType,"?*")) | O11: =IF($B11="","",IF((C11)=0,"",(N11)/(C11))) | P11: =IF($B11="","",IF(C11=0,"",1-SUMPRODUCT((pbp_PitTeam=$B11)*(LEN(pbp_PlayType)>0)*((LEN("/"&SUBSTITUTE(TRIM(pbp_Seq),"/","//")&"/")-LEN(SUBSTITUTE("/"&SUBSTITUTE(TRIM(pbp_Seq),"/","//")&"/","/B/","")))/3+(LEN("/"&SUBSTITUTE(TRIM(pbp_Seq),"/","//")&"/")-LEN(SUBSTITUTE("/"&SUBSTITUTE(TRIM(pbp_Seq),"/","//")&"/","/IB/","")))/4+(LEN("/"&SUBSTITUTE(TRIM(pbp_Seq),"/","//")&"/")-LEN(SUBSTITUTE("/"&SUBSTITUTE(TRIM(pbp_Seq),"/","//")&"/","/HB/","")))/4+(LEN("/"&SUBSTITUTE(TRIM(pbp_Seq),"/","//")&"/")-LEN(SUBSTITUTE("/"&SUBSTITUTE(TRIM(pbp_Seq),"/","//")&"/","/PO/","")))/4))/SUMPRODUCT((pbp_PitTeam=$B11)*(LEN(pbp_PlayType)>0)*((LEN("/"&SUBSTITUTE(TRIM(pbp_Seq),"/","//")&"/")-LEN(SUBSTITUTE("/"&SUBSTITUTE(TRIM(pbp_Seq),"/","//")&"/","/","")))/2-((LEN("/"&SUBSTITUTE(TRIM(pbp_Seq),"/","//")&"/")-LEN(SUBSTITUTE("/"&SUBSTITUTE(TRIM(pbp_Seq),"/","//")&"/","/NP/","")))/4+(LEN("/"&SUBSTITUTE(TRIM(pbp_Seq),"/","//")&"/")-LEN(SUBSTITUTE("/"&SUBSTITUTE(TRIM(pbp_Seq),"/","//")&"/","/POF/","")))/5+(LEN("/"&SUBSTITUTE(TRIM(pbp_Seq),"/","//")&"/")-LEN(SUBSTITUTE("/"&SUBSTITUTE(TRIM(pbp_Seq),"/","//")&"/","/N-A/","")))/5))))) | Q11: =IF($B11="","",IF((SUMPRODUCT((pbp_PitTeam=$B11)*(LEN(pbp_PlayType)>0)))=0,"",(SUMPRODUCT((pbp_PitTeam=$B11)*(LEN(pbp_PlayType)>0)*ISNUMBER(MATCH(LEFT(TRIM(pbp_Seq)&"/",FIND("/",TRIM(pbp_Seq)&"/")-1),{"S","F","FT","FB","IN","MB","POS"},0))))/(SUMPRODUCT((pbp_PitTeam=$B11)*(LEN(pbp_PlayType)>0))))) | R11: =IF($B11="","",IF((C11)=0,"",(J11)/(C11))) | S11: =IF($B11="","",IF((C11)=0,"",(H11)/(C11))) | T11: =IF($B11="","",IF(C11=0,"",R11-S11)) | U11: =IF($B11="","",IF((D11)=0,"",(3*(F11+H11))/(D11))) | V11: =IF($B11="","",IF(D11=0,"",(13*G11+3*(H11+I11)-2*J11)/(D11/3)+FIP_C)) | W11: =IF($B11="","",IF((L11)=0,"",(F11)/(L11))) | X11: =IF($B11="","",IF(((L11-J11-G11+M11))=0,"",((F11-G11))/((L11-J11-G11+M11)))) | Y11: =IF($B11="","",IF((Z11)=0,"",((Z11-(F11-G11)-AA11))/(Z11))) | Z11: =IF($B11="","",L11-J11-G11+M11) | AA11: =IF($B11="","",SUMPRODUCT(COUNTIFS(pbp_PlayType,EM_Type,pbp_PitTeam,$B11)*EM_ROE)) | AB11: =IF($B11="","",SUMPRODUCT(COUNTIFS(pbp_PlayType,EM_Type,pbp_PitTeam,$B11)*EM_DP)) | AC11: =IF($B11="","",SUMIFS(pbp_SB,pbp_PitTeam,$B11)) | AD11: =IF($B11="","",SUMIFS(pbp_CS,pbp_PitTeam,$B11)) | AE11: =IF($B11="","",IF(((AC11+AD11))=0,"",(AD11)/((AC11+AD11)))) | AF11: =IF($B11="","",SUMIFS(pbp_WP,pbp_PitTeam,$B11)) | AG11: =IF($B11="","",SUMIFS(pbp_PB,pbp_PitTeam,$B11))
